object,index,x,y,z,nx,ny,nz,H,K,k1,k2
Sphere,0,0.0,0.5555702447891235,0.8314695954322815,-2.9037958029221045e-06,0.559775173664093,0.8286444544792175,2.013459992990931,1.013134895772691,3.7572737008170707,0.2696462851647914
Sphere,1,0.0,0.8314695954322815,0.5555702447891235,-2.8057540930603864e-06,0.833339512348175,0.552761435508728,2.0025075505701895,1.0094696988414151,3.7347219689518183,0.27029313218856066
Sphere,2,0.0,0.9807852506637573,0.19509032368659973,-1.119906755775446e-06,0.9810153841972351,0.19392961263656616,1.7034495617961973,0.8598192545724688,3.1324076280147928,0.2744914955776019
Sphere,3,0.0,1.0,0.0,-1.6430592495453311e-06,0.9999999403953552,-1.2286806168049225e-06,2.3863715809939965,1.2047460316326473,4.505339086866406,0.26740407512158715
Sphere,4,0.0,0.9807852506637573,-0.19509032368659973,-2.685411118363845e-06,0.9810152053833008,-0.19393116235733032,1.9948380763250546,1.0068981129102303,3.7189264841064,0.2707496685437094
Sphere,5,0.0,0.8314695954322815,-0.5555702447891235,-2.803350980684627e-06,0.833339512348175,-0.5527615547180176,2.0025075505698666,1.009469698841415,3.7347219689511224,0.27029313218861106
Sphere,6,0.03806023299694061,0.19134171307086945,0.9807852506637573,0.03920594975352287,0.1971043050289154,0.979598343372345,1.5211887839055114,0.7641951939263925,2.766106501007142,0.2762710668038806
Sphere,7,0.07465784251689911,0.3753302991390228,0.9238795042037964,0.07567208260297775,0.38043150305747986,0.9217079877853394,1.7426496089311452,0.8761555215549708,3.2125721027902268,0.2727271150720634
Sphere,8,0.10838638246059418,0.5448951125144958,0.8314695954322815,0.10920664668083191,0.5490186810493469,0.8286449313163757,1.8335709309391648,0.9225969173658869,3.395424138324298,0.27171772355403134
Sphere,9,0.13794969022274017,0.6935198903083801,0.7071067690849304,0.1385415941476822,0.6964967250823975,0.7040586471557617,1.884316851567002,0.9490116964167443,3.4972763367006596,0.2713573664333442
Sphere,10,0.16221167147159576,0.815493106842041,0.5555702447891235,0.1625765562057495,0.8173279166221619,0.5527601838111877,1.9183106224875814,0.9670226753336758,3.5653968281899475,0.2712244167852156
Sphere,11,0.1802399456501007,0.906127393245697,0.3826834559440613,0.1804102212190628,0.9069967269897461,0.38053780794143677,2.352976316728833,1.187041137172198,4.438511358370326,0.2674412750873394
Sphere,12,0.19134171307086945,0.9619396924972534,0.19509032368659973,0.19138911366462708,0.9621647596359253,0.19393064081668854,1.9948073380673375,1.0068628968774083,3.7188703935064034,0.2707442826282713
Sphere,13,0.19509032368659973,0.9807852506637573,0.0,0.19509051740169525,0.9807853102684021,3.372805679191515e-08,1.9937406287381283,1.0065095117282048,3.7166719050671935,0.2708093524090629
Sphere,14,0.19134171307086945,0.9619396924972534,-0.19509032368659973,0.19138595461845398,0.962165355682373,-0.1939307004213333,1.994807354981235,1.00686523865123,3.718869750846304,0.27074495911616636
Sphere,15,0.1802399456501007,0.906127393245697,-0.3826834559440613,0.18041078746318817,0.9069964289665222,-0.3805384635925293,1.9978851308180186,1.0079038715470494,3.725207082394123,0.2705631792419141
Sphere,16,0.16221167147159576,0.815493106842041,-0.5555702447891235,0.16257476806640625,0.8173272609710693,-0.5527616739273071,2.0024746700981946,1.009452402564415,3.734656069900322,0.270293270296067
Sphere,17,0.13794969022274017,0.6935198903083801,-0.7071067690849304,0.13853998482227325,0.696495771408081,-0.704059898853302,2.3125587998647785,1.164686043249795,4.357856372244463,0.2672612274850943
Sphere,18,0.10838638246059418,0.5448951125144958,-0.8314695954322815,0.10920527577400208,0.5490186810493469,-0.8286451697349548,1.8335999786145383,0.9226300236626539,3.3954766888297145,0.2717232683993622
Sphere,19,0.07465784251689911,0.3753302991390228,-0.9238795042037964,0.07567168772220612,0.38043367862701416,-0.9217070937156677,1.622867097858614,0.8158758414761392,2.971133308900002,0.27460088681722583
Sphere,20,0.03806023299694061,0.19134171307086945,-0.9807852506637573,0.03920610621571541,0.1971045732498169,-0.9795981645584106,2.0217747143153373,1.0156991138246245,3.774450919899312,0.26909850873136243
Sphere,21,0.07465782761573792,0.1802399456501007,0.9807852506637573,0.07690626382827759,0.18566828966140747,0.9795981645584106,2.0217431235615564,1.0156774318985218,3.7743890734812533,0.2690971736418595
Sphere,22,0.1464466154575348,0.3535534143447876,0.9238795042037964,0.1484382152557373,0.3583599627017975,0.921707272529602,2.018167020480937,1.0146283276390655,3.766986563749435,0.2693474772124391
Sphere,23,0.21260753273963928,0.513279914855957,0.8314695954322815,0.2142183780670166,0.5171641707420349,0.8286444544792175,2.013421695049771,1.013099970756726,3.757201196976654,0.2696421931228883
Sphere,24,0.27059805393218994,0.6532814502716064,0.7071067690849304,0.2717611491680145,0.656084418296814,0.7040590047836304,2.0079293401130434,1.0112529241398143,3.7458957698081017,0.26996291041798526
Sphere,25,0.3181896209716797,0.7681776285171509,0.5555702447891235,0.31890687346458435,0.7699042558670044,0.5527620911598206,2.0024671779633763,1.009433454716994,3.734645385915322,0.2702889700114306
Sphere,26,0.3535533547401428,0.8535533547401428,0.3826834559440613,0.35389217734336853,0.8543723821640015,0.38053664565086365,1.6958021916972008,0.8555046834265293,3.117153798421765,0.27445058497263664
Sphere,27,0.37533026933670044,0.906127393245697,0.19509032368659973,0.3754197955131531,0.9063395261764526,0.19392961263656616,2.369078298944845,1.195776112626798,4.47068622477321,0.2674703731164798
Sphere,28,0.3826834261417389,0.9238794445991516,0.0,0.3826824724674225,0.9238799214363098,1.2636131714316434e-06,2.386329595646103,1.204697021992891,4.505261382434815,0.2673978088573912
Sphere,29,0.37533026933670044,0.906127393245697,-0.19509032368659973,0.3754192888736725,0.9063398838043213,-0.19392907619476318,1.7034272084756512,0.8597931860860121,3.1323677490472797,0.27448666790402276
Sphere,30,0.3535533547401428,0.8535533547401428,-0.3826834559440613,0.3538908064365387,0.854372501373291,-0.3805377185344696,2.352965470348393,1.1870327071137907,4.43849029579115,0.2674406449056357
Sphere,31,0.3181896209716797,0.7681776285171509,-0.5555702447891235,0.31890571117401123,0.7699059247970581,-0.5527604222297668,1.9183038830819967,0.9670062870852423,3.565387214538613,0.2712205516253807
Sphere,32,0.27059805393218994,0.6532814502716064,-0.7071067690849304,0.2717604339122772,0.6560859084129333,-0.7040579319000244,1.6770066513492128,0.8445927419390243,3.0797748313171205,0.2742384713813053
Sphere,33,0.21260753273963928,0.513279914855957,-0.8314695954322815,0.21421819925308228,0.5171660780906677,-0.8286433219909668,1.8049715777042168,0.9082282478231302,3.3378427883729147,0.2721003670355191
Sphere,34,0.1464466154575348,0.3535534143447876,-0.9238795042037964,0.14843715727329254,0.35836029052734375,-0.921707272529602,2.6680883062242353,1.3413919385867672,5.07169045117746,0.26448616127101054
Sphere,35,0.07465782761573792,0.1802399456501007,-0.9807852506637573,0.07690644264221191,0.1856682151556015,-0.9795981645584106,2.021742586379607,1.0156464857937268,3.774396745016494,0.2690884277427197
Sphere,36,0.10838636755943298,0.16221165657043457,0.9807852506637573,0.11165063828229904,0.1670970618724823,0.9795981645584106,2.021743616172413,1.0156648988141106,3.774393709807704,0.26909352253712204
Sphere,37,0.21260753273963928,0.3181896507740021,0.9238795042037964,0.2154986411333084,0.32251524925231934,0.921707272529602,2.0181664541998496,1.014619446248617,3.7669878832225434,0.2693450251771561
Sphere,38,0.30865827202796936,0.4619396924972534,0.8314695954322815,0.3109959363937378,0.4654351472854614,0.8286445140838623,2.0134220307873916,1.0130838004292062,3.7572065569347073,0.2696375046400761
Sphere,39,0.39284747838974,0.5879377722740173,0.7071067690849304,0.3945350646972656,0.5904600024223328,0.7040590047836304,2.0079294121821127,1.011260507114771,3.745893743574226,0.2699650807899996
Sphere,40,0.4619396924972534,0.6913415789604187,0.5555702447891235,0.4629799723625183,0.6928951740264893,0.552761971950531,2.002468081993067,1.0094321751617161,3.7346477043877178,0.27028845959841585
Sphere,41,0.513279914855957,0.7681776881217957,0.3826834559440613,0.5137712359428406,0.7689138054847717,0.38053998351097107,2.43088644933423,1.2263469490706869,4.594878588988645,0.26689430967981487
Sphere,42,0.5448951125144958,0.815493106842041,0.19509032368659973,0.5450226664543152,0.815683901309967,0.19393295049667358,2.0212483620827424,1.0202155834921205,3.7720280049076322,0.27046871925785276
Sphere,43,0.5555702447891235,0.8314694762229919,0.0,0.5555704832077026,0.8314694762229919,-1.2045433539498163e-09,1.500136196575757,0.7573082264789207,2.7220610640687863,0.2782113290827275
Sphere,44,0.5448951125144958,0.815493106842041,-0.19509032368659973,0.545023500919342,0.8156835436820984,-0.19393208622932434,2.40645799626237,1.2146482525507887,4.545708293732096,0.2672076987926437
Sphere,45,0.513279914855957,0.7681776881217957,-0.3826834559440613,0.5137701630592346,0.7689152956008911,-0.38053831458091736,1.9978719063759836,1.0078983175957301,3.7251801697414653,0.27056364301050184
Sphere,46,0.4619396924972534,0.6913415789604187,-0.5555702447891235,0.46297991275787354,0.6928952932357788,-0.5527619123458862,1.7525730986365577,0.883465326738667,3.2317779996985703,0.2733681975745452
Sphere,47,0.39284747838974,0.5879377722740173,-0.7071067690849304,0.3945331275463104,0.5904605984687805,-0.7040596008300781,2.1489017886820765,1.0822495950253403,4.029202111070946,0.2686014662932068
Sphere,48,0.30865827202796936,0.4619396924972534,-0.8314695954322815,0.31099334359169006,0.46543583273887634,-0.8286451101303101,2.560230546576433,1.2882404553389577,4.855124878846244,0.2653362143066218
Sphere,49,0.21260753273963928,0.3181896507740021,-0.9238795042037964,0.215497687458992,0.3225158751010895,-0.9217072129249573,2.018166742689397,1.0146264666863347,3.766986497441497,0.2693469879372967
Sphere,50,0.10838636755943298,0.16221165657043457,-0.9807852506637573,0.11165078729391098,0.16709694266319275,-0.9795982837677002,2.021743797174163,1.015653783747807,3.7743972705294624,0.26909032381886333
Sphere,51,0.13794967532157898,0.13794966042041779,0.9807852506637573,0.14210429787635803,0.142104372382164,0.9795981645584106,2.0217422235394777,1.0156814711248099,3.774385982926291,0.2690984641526646
Sphere,52,0.27059805393218994,0.27059802412986755,0.9238795042037964,0.2742774486541748,0.2742765247821808,0.9217072129249573,2.0181634959137784,1.0146496759256787,3.7669728681191215,0.2693541237084356
Sphere,53,0.3928474485874176,0.3928473889827728,0.8314695954322815,0.39582207798957825,0.39581966400146484,0.8286445140838623,2.0134202321644894,1.0130893159981407,3.757201100075124,0.2696393642538548
Sphere,54,0.5,0.5,0.7071067690849304,0.5021454095840454,0.5021445751190186,0.7040601968765259,2.5015653378166705,1.259872066879312,4.737176456165862,0.2659542194674791
Sphere,55,0.5879377126693726,0.5879376530647278,0.5555702447891235,0.589260995388031,0.58925861120224,0.552761971950531,1.7525721421351812,0.8834565855006347,3.2317788646346646,0.27336541963569805
Sphere,56,0.6532813906669617,0.6532814502716064,0.3826834559440613,0.6539061665534973,0.6539093255996704,0.38053828477859497,1.9978749407530871,1.0078977026264986,3.7251868918095985,0.27056298969657555
Sphere,57,0.6935198903083801,0.6935198307037354,0.19509032368659973,0.6936821937561035,0.6936829090118408,0.1939304918050766,1.9948114016684833,1.0068612639062995,3.718879632429749,0.2707431709072179
Sphere,58,0.7071067690849304,0.7071065902709961,0.0,0.707108736038208,0.7071047425270081,3.6137195458252336e-09,1.9937350973662495,1.006507513126129,3.716660552905136,0.2708096418273631
Sphere,59,0.6935198903083801,0.6935198307037354,-0.19509032368659973,0.6936821937561035,0.6936829090118408,-0.1939304918050766,1.9948113278227675,1.006861263906276,3.7188794731417847,0.27074318250375007
Sphere,60,0.6532813906669617,0.6532814502716064,-0.3826834559440613,0.6539060473442078,0.6539093255996704,-0.38053828477859497,1.9978749293502853,1.0078977026264988,3.725186867217881,0.2705629914826897
Sphere,61,0.5879377126693726,0.5879376530647278,-0.5555702447891235,0.5892610549926758,0.58925861120224,-0.552761971950531,2.0024666127426256,1.0094307750437024,3.734644940775055,0.27028828471019617
Sphere,62,0.5,0.5,-0.7071067690849304,0.502144455909729,0.5021472573280334,-0.7040590643882751,2.007933478182834,1.0112710704154364,3.7458994681814812,0.26996748818418714
Sphere,63,0.3928474485874176,0.3928473889827728,-0.8314695954322815,0.39581915736198425,0.39582017064094543,-0.828645646572113,2.2763037782560316,1.1453570241047253,4.285333859364316,0.2672736971477474
Sphere,64,0.27059805393218994,0.27059802412986755,-0.9238795042037964,0.2742767632007599,0.2742774486541748,-0.921707272529602,1.6228521690702717,0.815926369962974,2.971081672045604,0.27462266609493935
Sphere,65,0.13794967532157898,0.13794966042041779,-0.9807852506637573,0.14210444688796997,0.14210425317287445,-0.9795981645584106,2.021742004748445,1.0156739996427244,3.7743876432394483,0.2690963662574417
Sphere,66,0.16221165657043457,0.10838635265827179,0.9807852506637573,0.1670970320701599,0.11165071278810501,0.9795982837677002,2.021748478708891,1.0157045231419917,3.7743928773305058,0.2691040800872757
Sphere,67,0.3181896507740021,0.2126075029373169,0.9238795042037964,0.3225160241127014,0.21549752354621887,0.9217072129249573,2.018169083132183,1.0146578860750426,3.7669825557574232,0.26935561050694234
Sphere,68,0.4619397222995758,0.3086582124233246,0.8314695954322815,0.46543699502944946,0.31099310517311096,0.8286444544792175,2.0134232901673066,1.0130986923274043,3.7572050004340296,0.2696415799005836
Sphere,69,0.5879377722740173,0.39284747838974,0.7071067690849304,0.5904605984687805,0.39453408122062683,0.7040591239929199,2.0079290435495247,1.0112615220335188,3.7458926570628197,0.2699654300362295
Sphere,70,0.6913416385650635,0.46193963289260864,0.5555702447891235,0.6928972005844116,0.4629770517349243,0.5527619123458862,2.002471494090124,1.0094303715281912,3.7346555816268214,0.2702874065534262
Sphere,71,0.7681776285171509,0.5132799744606018,0.3826834559440613,0.7689128518104553,0.513774037361145,0.3805382549762726,1.9978725851523587,1.007895505684029,3.7251824475740785,0.2705627227306391
Sphere,72,0.815493106842041,0.5448949933052063,0.19509032368659973,0.8156840801239014,0.5450233221054077,0.19393040239810944,1.994813564717402,1.0068749148223195,3.718880339282189,0.2707467901526148
Sphere,73,0.8314695358276367,0.5555700063705444,0.0,0.8314711451530457,0.5555679202079773,-4.818292875796715e-09,1.993733847009615,1.0065072058881328,3.716657944822292,0.2708097491969381
Sphere,74,0.815493106842041,0.5448949933052063,-0.19509032368659973,0.8156840801239014,0.5450232625007629,-0.19393040239810944,1.9948136382614459,1.0068749148223195,3.718880497919605,0.27074677860328666
Sphere,75,0.7681776285171509,0.5132799744606018,-0.3826834559440613,0.7689128518104553,0.5137739777565002,-0.3805381953716278,1.9978726944755096,1.007895505684004,3.7251826833445687,0.27056270560645057
Sphere,76,0.6913416385650635,0.46193963289260864,-0.5555702447891235,0.6928972005844116,0.4629770815372467,-0.552761971950531,2.002471542624127,1.0094303715282191,3.7346556862679923,0.27028739898026144
Sphere,77,0.5879377722740173,0.39284747838974,-0.7071067690849304,0.5904600024223328,0.39453497529029846,-0.7040591239929199,2.007929045280079,1.0112651293192056,3.7458916230015227,0.26996646755863574
Sphere,78,0.4619397222995758,0.3086582124233246,-0.8314695954322815,0.4654371440410614,0.3109959363937378,-0.8286433219909668,1.804972563363417,0.908220190575014,3.3378475628071715,0.27209756391966233
Sphere,79,0.3181896507740021,0.2126075029373169,-0.9238795042037964,0.322514146566391,0.2154969722032547,-0.9217079877853394,3.0080229071309885,1.5122969252949239,5.753183172858627,0.2628626414033497
Sphere,80,0.16221165657043457,0.10838635265827179,-0.9807852506637573,0.1670968383550644,0.1116504818201065,-0.979598343372345,1.5211681283086564,0.7642183088804082,2.7660513219062137,0.27628493471109916
Sphere,81,0.0,0.0,1.0,3.7874997360631824e-08,-3.413240889926783e-08,0.9999999403953552,1.5144135678991348,0.7628237855937071,2.7515977373109815,0.27722939848728845
Sphere,82,0.18023991584777832,0.07465781271457672,0.9807852506637573,0.18566858768463135,0.07690636813640594,0.9795981049537659,3.0133703645121828,1.5138562210448083,5.764105672148212,0.26263505687615396
Sphere,83,0.3535533547401428,0.1464465856552124,0.9238795042037964,0.3583618700504303,0.14843815565109253,0.92170649766922,1.8592342708459053,0.934780484313816,3.4473059284149485,0.27116261327686186
Sphere,84,0.513279914855957,0.2126074582338333,0.8314695954322815,0.51716548204422,0.21421517431735992,0.8286444544792175,2.0134228493422826,1.0130968939563683,3.7572045662716773,0.269641132412888
Sphere,85,0.6532814502716064,0.27059805393218994,0.7071067690849304,0.6560848951339722,0.27176007628440857,0.7040591239929199,2.007930590328434,1.0112575788614844,3.7458971253098214,0.2699640553470468
Sphere,86,0.7681776285171509,0.31818950176239014,0.5555702447891235,0.7699058055877686,0.3189033269882202,0.552761971950531,2.002467310982427,1.0094308280010886,3.73464643092127,0.27028819104358415
Sphere,87,0.853553295135498,0.3535534143447876,0.3826834559440613,0.8543707728385925,0.35389435291290283,0.38053807616233826,1.9978779790618937,1.0079034608118076,3.725191777538774,0.2705641805850134
Sphere,88,0.9061273336410522,0.3753301501274109,0.19509032368659973,0.9063398241996765,0.3754187822341919,0.19393031299114227,1.9948096258574513,1.0068671205378312,3.718874103443981,0.27074514827092155
Sphere,89,0.9238793849945068,0.3826832175254822,0.0,0.9238805174827576,0.3826809227466583,0.0,1.9937345042960188,1.0064989476153945,3.7166617592911617,0.27080724930087596
Sphere,90,0.9061273336410522,0.3753301501274109,-0.19509032368659973,0.9063398241996765,0.3754187822341919,-0.19393031299114227,1.9948093237969546,1.0068671205378312,3.7188734518877378,0.2707451957061715
Sphere,91,0.853553295135498,0.3535534143447876,-0.3826834559440613,0.8543707728385925,0.35389435291290283,-0.38053813576698303,1.997878159613909,1.0079034608118076,3.725192166924234,0.2705641523035842
Sphere,92,0.7681776285171509,0.31818950176239014,-0.5555702447891235,0.7699057459831238,0.3189033269882202,-0.5527619123458862,2.0024667749587515,1.0094308280010607,3.7346452752330856,0.2702882746844171
Sphere,93,0.6532814502716064,0.27059805393218994,-0.7071067690849304,0.6560840010643005,0.27176034450531006,-0.7040597200393677,2.3125573452272454,1.1646789161595354,4.357855015202193,0.26725967525229777
Sphere,94,0.513279914855957,0.2126074582338333,-0.8314695954322815,0.5171641111373901,0.21421638131141663,-0.8286449909210205,1.8335661913777974,0.9225898551810392,3.395416095492352,0.27171628726324304
Sphere,95,0.3535533547401428,0.1464465856552124,-0.9238795042037964,0.3583618998527527,0.14843827486038208,-0.9217064380645752,1.5184759091737714,0.7634561517420824,2.760374832194091,0.27657698615345194
Sphere,96,0.18023991584777832,0.07465781271457672,-0.9807852506637573,0.18566858768463135,0.07690636813640594,-0.9795981049537659,3.0133709968369153,1.5138562462419682,5.764106992590768,0.2626350010830629
Sphere,97,0.19134166836738586,0.03806021437048912,0.9807852506637573,0.19710445404052734,0.0392063744366169,0.9795981645584106,2.021743353851565,1.0157036285357555,3.7743820959508083,0.2691046117523215
Sphere,98,0.37533023953437805,0.07465781271457672,0.9238795042037964,0.38043296337127686,0.07567329704761505,0.9217072129249573,2.0181647529431657,1.014654717776819,3.766974134278173,0.2693553716081585
Sphere,99,0.5448950529098511,0.1083863154053688,0.8314695954322815,0.5490196347236633,0.10920499265193939,0.8286444544792175,2.0134257758895155,1.0130940047150712,3.7572117003370167,0.2696398514420142
Sphere,100,0.6935198903083801,0.13794970512390137,0.7071067690849304,0.6964961886405945,0.13854238390922546,0.7040590047836304,2.0079323248223315,1.0112664177157888,3.7458983208506265,0.26996632879403637
Sphere,101,0.8154929876327515,0.1622115671634674,0.5555702447891235,0.8173272013664246,0.1625746190547943,0.5527619123458862,2.002467554036303,1.0094303296135205,3.734647098816408,0.27028800925619745
Sphere,102,0.9061273336410522,0.1802399903535843,0.3826834559440613,0.9069955945014954,0.18041500449180603,0.3805381655693054,1.997874580812341,1.0078944639255865,3.7251870530450004,0.2705621085796819
Sphere,103,0.9619396328926086,0.1913416087627411,0.19509032368659973,0.962165355682373,0.19138722121715546,0.19393034279346466,1.9948119665077941,1.0068708828341062,3.7188780612061922,0.2707458718093958
Sphere,104,0.980785071849823,0.1950901299715042,0.0,0.9807857871055603,0.19508762657642365,0.0,1.9937346149296398,1.006502102785848,3.716661082305073,0.2708081475542061
Sphere,105,0.9619396328926086,0.1913416087627411,-0.19509032368659973,0.962165355682373,0.19138722121715546,-0.19393034279346466,1.994812018941124,1.0068708828341062,3.7188781743069375,0.2707458635753106
Sphere,106,0.9061273336410522,0.1802399903535843,-0.3826834559440613,0.9069955945014954,0.18041501939296722,-0.3805381655693054,1.9978750022844793,1.0078944639255865,3.7251879620076505,0.2705620425613082
Sphere,107,0.8154929876327515,0.1622115671634674,-0.5555702447891235,0.8173272013664246,0.16257458925247192,-0.5527619123458862,2.002467542078194,1.0094303296135205,3.7346470730342562,0.27028801112213197
Sphere,108,0.6935198903083801,0.13794970512390137,-0.7071067690849304,0.6964961886405945,0.13854239881038666,-0.7040590047836304,2.0079325175723763,1.0112664177157888,3.745898736291472,0.2699662988532805
Sphere,109,0.5448950529098511,0.1083863154053688,-0.8314695954322815,0.5490210652351379,0.10920626670122147,-0.8286433219909668,1.8049748995515023,0.9082174699106268,3.3378535373112985,0.272096261791706
Sphere,110,0.37533023953437805,0.07465781271457672,-0.9238795042037964,0.3804328441619873,0.07567334175109863,-0.9217073321342468,2.6680856765534786,1.3413850190727181,5.071686341879796,0.26448501122716106
Sphere,111,0.19134166836738586,0.03806021437048912,-0.9807852506637573,0.19710445404052734,0.0392063744366169,-0.9795981645584106,2.0217435466104448,1.0157036394949435,3.7743825079387716,0.2691045852821179
Sphere,112,0.19509026408195496,-1.1175870895385742e-08,0.9807852506637573,0.20096564292907715,-2.8041039712434213e-08,0.979598343372345,1.5211635254635028,0.7641889015251796,2.766052905960972,0.27627414496603353
Sphere,113,0.3826833963394165,-2.2351741790771484e-08,0.9238795042037964,0.3878845274448395,-4.751044357931278e-08,0.9217079281806946,2.2068053875262783,1.1094993037787575,4.146003859740056,0.26760691531250047
Sphere,114,0.555570125579834,-5.21540641784668e-08,0.8314695954322815,0.5597752332687378,-1.7883786540551228e-06,0.8286443948745728,2.0134209588831067,1.0130977378017771,3.7572002510723426,0.269641666693871
Sphere,115,0.7071067094802856,1.4901161193847656e-08,0.7071067690849304,0.7101414203643799,6.35200933629676e-07,0.7040591239929199,2.0079295393422822,1.0112599930362043,3.7458941655436053,0.26996491314095894
Sphere,116,0.8314694166183472,-8.940696716308594e-08,0.5555702447891235,0.8333392143249512,-1.8492737581254914e-06,0.5527620315551758,2.002468091068249,1.0094364329556345,3.7346464949259124,0.27028968721058555
Sphere,117,0.9238794445991516,4.470348358154297e-08,0.3826834559440613,0.9247652888298035,2.2523809093399905e-06,0.3805382251739502,1.997877929436022,1.007899331153822,3.725192865912212,0.2705629929598319
Sphere,118,0.9807851314544678,-8.940696716308594e-08,0.19509032368659973,0.9810153245925903,4.925258849652892e-07,0.19393014907836914,1.9948140640629786,1.0068702559700868,3.7188827675122846,0.2707453606136727
Sphere,119,0.9999997019767761,-1.6391277313232422e-07,0.0,0.9999999403953552,-2.880133934013429e-06,1.2045729969045738e-09,1.9937306335238465,1.0064972690411436,3.71665389647268,0.27080737057501314
Sphere,120,0.9807851314544678,-8.940696716308594e-08,-0.19509032368659973,0.9810153841972351,4.925258849652892e-07,-0.19393017888069153,1.9948140785517874,1.0068702559700633,3.718882798765211,0.27074535833836344
Sphere,121,0.9238794445991516,4.470348358154297e-08,-0.3826834559440613,0.9247652888298035,2.251177647849545e-06,-0.38053828477859497,1.9978781248640574,1.007899331153822,3.7251932873797173,0.2705629623483976
Sphere,122,0.8314694166183472,-8.940696716308594e-08,-0.5555702447891235,0.8333392143249512,-1.8672978967515519e-06,-0.5527620315551758,2.0024679931520293,1.0094364329556065,3.734646283814601,0.2702897024894575
Sphere,123,0.7071067094802856,1.4901161193847656e-08,-0.7071067690849304,0.7101414203643799,6.358007453854952e-07,-0.7040590047836304,2.0079297349311207,1.0112599930362374,3.7458945871028564,0.269964882759385
Sphere,124,0.555570125579834,-5.21540641784668e-08,-0.8314695954322815,0.5597752928733826,4.2209808981397146e-08,-0.8286444544792175,2.013420828031728,1.0130833871364608,3.7572040839484457,0.2696375721150104
Sphere,125,0.3826833963394165,-2.2351741790771484e-08,-0.9238795042037964,0.38788625597953796,5.589301963482285e-07,-0.9217072129249573,2.0181659110388885,1.0146487553669823,3.7669783335452145,0.2693534885325626
Sphere,126,0.19509026408195496,-1.1175870895385742e-08,-0.9807852506637573,0.20096589624881744,-1.3036056145665498e-07,-0.9795981645584106,2.0217424687037346,1.0156648208839114,3.7743912609254853,0.26909367648198423
Sphere,127,0.19134165346622467,-0.03806023299694061,0.9807852506637573,0.19710440933704376,-0.03920644894242287,0.9795981645584106,2.02174285396775,1.0156578584931242,3.7743940768516806,0.26909163108381917
Sphere,128,0.37533023953437805,-0.0746578499674797,0.9238795042037964,0.38043293356895447,-0.07567336410284042,0.921707272529602,2.6680866184020084,1.3413392074637682,5.071697858979839,0.2644753778241782
Sphere,129,0.5448949933052063,-0.10838640481233597,0.8314695954322815,0.5490207672119141,-0.1092078909277916,0.828643262386322,1.8049751974432071,0.9082171475134706,3.3378542911331412,0.272096103753273
Sphere,130,0.6935198307037354,-0.13794966042041779,0.7071067690849304,0.6964963674545288,-0.13854104280471802,0.7040591239929199,2.007929393884372,1.0112684963732463,3.745891405681988,0.2699673820867563
Sphere,131,0.8154929280281067,-0.16221173107624054,0.5555702447891235,0.8173264861106873,-0.16257824003696442,0.552761971950531,2.0024680156031653,1.0094283767729217,3.7346486576670226,0.2702873735393081
Sphere,132,0.9061273336410522,-0.18023990094661713,0.3826834559440613,0.906996488571167,-0.18041053414344788,0.3805381655693054,1.99787551384787,1.0078996575175656,3.725187561891108,0.2705634658046321
Sphere,133,0.9619395732879639,-0.19134177267551422,0.19509032368659973,0.9621655344963074,-0.1913861632347107,0.19393004477024078,1.9948144148090676,1.0068752883661254,3.718882064631405,0.2707467649867301
Sphere,134,0.9807848930358887,-0.1950904279947281,0.0,0.9807847142219543,-0.19509314000606537,4.818291987618295e-09,1.993728035519155,1.0064932986864614,3.7166494443270572,0.27080662671125255
Sphere,135,0.9619395732879639,-0.19134177267551422,-0.19509032368659973,0.9621655344963074,-0.1913861781358719,-0.19393004477024078,1.9948141081348898,1.0068752883661016,3.7188814031230795,0.2707468131466999
Sphere,136,0.9061273336410522,-0.18023990094661713,-0.3826834559440613,0.9069965481758118,-0.18041054904460907,-0.3805381655693054,1.997875632471298,1.0078996575175654,3.7251878177189512,0.27056344722364467
Sphere,137,0.8154929280281067,-0.16221173107624054,-0.5555702447891235,0.8173264861106873,-0.16257824003696442,-0.552761971950531,2.002467943446562,1.0094283767729497,3.7346485020945783,0.27028738479854586
Sphere,138,0.6935198307037354,-0.13794966042041779,-0.7071067690849304,0.6964963674545288,-0.13854104280471802,-0.7040591239929199,2.0079294538203154,1.0112684963732463,3.74589153486406,0.2699673727765708
Sphere,139,0.5448949933052063,-0.10838640481233597,-0.8314695954322815,0.5490193367004395,-0.1092066615819931,-0.8286443948745728,2.0134255667122876,1.0130920539903157,3.7572118089737585,0.2696393244508166
Sphere,140,0.37533023953437805,-0.0746578499674797,-0.9238795042037964,0.3804314136505127,-0.07567247003316879,-0.9217079281806946,2.2068040707956484,1.1094800908166307,4.146005998410103,0.26760214318119435
Sphere,141,0.19134165346622467,-0.03806023299694061,-0.9807852506637573,0.19710412621498108,-0.03920648247003555,-0.979598343372345,1.521164927454205,0.7641634743847616,2.7660662336355406,0.2762636212728695
Sphere,142,0.18023988604545593,-0.07465782016515732,0.9807852506637573,0.18566828966140747,-0.07690630108118057,0.9795982837677002,2.021744293871234,1.0156791552473923,3.7743911021453664,0.2690974855971018
Sphere,143,0.3535533547401428,-0.1464466154575348,0.9238795042037964,0.3583599627017975,-0.14843815565109253,0.9217072129249573,2.018167715808044,1.0146213720167154,3.766990050155688,0.2693453814604001
Sphere,144,0.5132797956466675,-0.21260753273963928,0.8314695954322815,0.517164945602417,-0.21421676874160767,0.8286444544792175,2.013421066076565,1.013069879320978,3.7572084699764536,0.26963366217667617
Sphere,145,0.6532813906669617,-0.27059799432754517,0.7071067690849304,0.6560854315757751,-0.27175870537757874,0.7040591239929199,2.0079298984198766,1.0112587433003108,3.7458952990156837,0.2699644978240694
Sphere,146,0.7681775093078613,-0.3181896507740021,0.5555702447891235,0.7699042558670044,-0.3189068138599396,0.552761971950531,2.002468318435634,1.009427219634361,3.7346496445975568,0.2702869922737119
Sphere,147,0.853553295135498,-0.35355329513549805,0.3826834559440613,0.8543724417686462,-0.3538902699947357,0.38053807616233826,1.9978784237386125,1.0079016051389065,3.7251932737012288,0.27056357377599594
Sphere,148,0.9061272144317627,-0.3753302991390228,0.19509032368659973,0.9063402414321899,-0.37541791796684265,0.1939300000667572,1.9948135710000996,1.0068637774451126,3.718883582803871,0.2707435591963281
Sphere,149,0.923879086971283,-0.3826834559440613,0.0,0.9238784313201904,-0.382686048746109,2.4091464378983574e-09,1.9937279427355652,1.0064892967073518,3.716650405569351,0.2708054799017796
Sphere,150,0.9061272144317627,-0.3753302991390228,-0.19509032368659973,0.9063402414321899,-0.37541791796684265,-0.19392997026443481,1.9948134583035084,1.006863777445136,3.7188833397130954,0.2707435768939215
Sphere,151,0.853553295135498,-0.35355329513549805,-0.3826834559440613,0.8543724417686462,-0.3538902997970581,-0.3805381655693054,1.9978783179737698,1.0079016051389316,3.7251930456047155,0.27056359034282407
Sphere,152,0.7681775093078613,-0.3181896507740021,-0.5555702447891235,0.7699042558670044,-0.31890687346458435,-0.5527620315551758,2.0024679888261763,1.009427219634361,3.734648933946861,0.27028704370549117
Sphere,153,0.6532813906669617,-0.27059799432754517,-0.7071067690849304,0.6560854315757751,-0.27175870537757874,-0.7040591239929199,2.0079301838545884,1.0112587433003108,3.7458959142227135,0.26996445348646336
Sphere,154,0.5132797956466675,-0.21260753273963928,-0.8314695954322815,0.5171648263931274,-0.21421678364276886,-0.8286444544792175,2.0134209273479025,1.013069879320978,3.757208171068165,0.26963368362764006
Sphere,155,0.3535533547401428,-0.1464466154575348,-0.9238795042037964,0.3583618402481079,-0.14843836426734924,-0.92170649766922,1.8592386860611079,0.9347307481405109,3.447331171908744,0.2711462002134719
Sphere,156,0.18023988604545593,-0.07465782016515732,-0.9807852506637573,0.18566851317882538,-0.07690650224685669,-0.9795981049537659,3.0133738507899603,1.5138564583422427,5.764112934433204,0.2626347671467171
Sphere,157,0.1622115969657898,-0.1083863377571106,0.9807852506637573,0.1670970469713211,-0.11165067553520203,0.9795982837677002,2.021742577187294,1.015668405490028,3.7743904719231116,0.2690946824514764
Sphere,158,0.3181895911693573,-0.2126075178384781,0.9238795042037964,0.3225153684616089,-0.215498685836792,0.9217071533203125,1.6228553548969056,0.8158748505823868,2.9711077987423358,0.2746029110514754
Sphere,159,0.46193957328796387,-0.308658242225647,0.8314695954322815,0.4654342532157898,-0.3109942674636841,0.828645646572113,2.276303059647758,1.1453643493020482,4.285330503477159,0.26727561581835735
Sphere,160,0.5879377126693726,-0.3928474187850952,0.7071067690849304,0.5904614925384521,-0.39453279972076416,0.7040591239929199,2.007930479966812,1.0112648060413507,3.745894808236642,0.269966151696982
Sphere,161,0.6913414597511292,-0.4619396924972534,0.5555702447891235,0.6928951740264893,-0.46298009157180786,0.5527618527412415,2.002468420978546,1.0094323054678287,3.7346483976404645,0.2702884443166278
Sphere,162,0.7681776285171509,-0.5132798552513123,0.3826834559440613,0.7689152956008911,-0.5137701630592346,0.3805381655693054,1.9978745828148092,1.0078914743033665,3.725187922760426,0.2705612428691926
Sphere,163,0.8154929280281067,-0.5448950529098511,0.19509032368659973,0.8156847953796387,-0.5450224876403809,0.1939300298690796,1.994814840022047,1.006865328651965,3.7188858702641943,0.27074380977989954
Sphere,164,0.8314691185951233,-0.5555701851844788,0.0,0.8314679861068726,-0.5555725693702698,1.2045729969045738e-09,1.9937274765758528,1.006496187900972,3.716647400122082,0.2708075530296232
Sphere,165,0.8154929280281067,-0.5448950529098511,-0.19509032368659973,0.8156847953796387,-0.5450224876403809,-0.193929985165596,1.9948147170820099,1.006865328651965,3.718885605077922,0.2707438290860975
Sphere,166,0.7681776285171509,-0.5132798552513123,-0.3826834559440613,0.7689154744148254,-0.5137701630592346,-0.3805381655693054,1.9978747445582272,1.0078914743033918,3.7251882715822617,0.27056121753419293
Sphere,167,0.6913414597511292,-0.4619396924972534,-0.5555702447891235,0.6928951740264893,-0.4629800319671631,-0.552761971950531,2.0024684646184268,1.0094323054678287,3.734648491729769,0.2702884375070844
Sphere,168,0.5879377126693726,-0.3928474187850952,-0.7071067690849304,0.5904622673988342,-0.3945326507091522,-0.7040584087371826,1.7742175461896175,0.8935573625846048,3.27564704457524,0.2727880478039948
Sphere,169,0.46193957328796387,-0.308658242225647,-0.8314695954322815,0.46543392539024353,-0.3109932243824005,-0.828646183013916,3.0009150030114564,1.5099567671150467,5.738712308909795,0.2631176971131173
Sphere,170,0.3181895911693573,-0.2126075178384781,-0.9238795042037964,0.32251426577568054,-0.21549731492996216,-0.9217079281806946,1.742639103833022,0.8761136242193405,3.212563395076832,0.2727148125892118
Sphere,171,0.1622115969657898,-0.1083863377571106,-0.9807852506637573,0.16709674894809723,-0.11165057867765427,-0.979598343372345,1.5211646386523574,0.7641845355839756,2.7660571329274175,0.2762721443772971
Sphere,172,0.1379496157169342,-0.1379496306180954,0.9807852506637573,0.14210456609725952,-0.1421046257019043,0.9795982241630554,3.01336954142899,1.513844707123686,5.764106040275848,0.26263304258213127
Sphere,173,0.2705979645252228,-0.27059802412986755,0.9238795042037964,0.2742781639099121,-0.27427828311920166,0.92170649766922,2.397182045660279,1.2051480107897852,4.52822257771175,0.26614151360880856
Sphere,174,0.3928472697734833,-0.3928474187850952,0.8314695954322815,0.3958214223384857,-0.3958226442337036,0.8286433219909668,1.804970597748444,0.9082184754396396,3.337843842115615,0.27209735338127317
Sphere,175,0.4999999403953552,-0.4999999403953552,0.7071067690849304,0.5021464228630066,-0.5021453499794006,0.7040590047836304,2.007935077590358,1.0112730980093463,3.7459023321174536,0.2699678230632623
Sphere,176,0.5879375338554382,-0.5879376530647278,0.5555702447891235,0.5892584323883057,-0.5892611145973206,0.5527619123458862,2.0024642909094306,1.0094247733338613,3.7346416672290577,0.27028691458980325
Sphere,177,0.6532813906669617,-0.6532813310623169,0.3826834559440613,0.6539093255996704,-0.6539061665534973,0.3805382549762726,1.9978768945222345,1.0078968393357397,3.725191355276288,0.2705624337681807
Sphere,178,0.6935197114944458,-0.6935198307037354,0.19509032368659973,0.6936829686164856,-0.6936822533607483,0.19392989575862885,1.9948183064422174,1.0068787776537496,3.7188894471041234,0.2707471657803111
Sphere,179,0.7071062326431274,-0.7071066498756409,0.0,0.7071046829223633,-0.7071088552474976,1.2045731079268762e-09,1.9937245762475786,1.0064991625439332,3.7166402803345933,0.27080887216056393
Sphere,180,0.6935197114944458,-0.6935198307037354,-0.19509032368659973,0.6936830282211304,-0.6936824321746826,-0.19392991065979004,1.994818232596519,1.0068787776537496,3.7188892878160393,0.2707471773769987
Sphere,181,0.6532813906669617,-0.6532813310623169,-0.3826834559440613,0.6539093255996704,-0.6539061665534973,-0.3805382549762726,1.9978769636164706,1.0078968393357397,3.725191504287517,0.270562422945424
Sphere,182,0.5879375338554382,-0.5879376530647278,-0.5555702447891235,0.5892584323883057,-0.5892611742019653,-0.5527619123458862,2.0024642131461037,1.0094247733338613,3.7346414995683057,0.27028692672390187
Sphere,183,0.4999999403953552,-0.4999999403953552,-0.7071067690849304,0.5021462440490723,-0.502144455909729,-0.7040597200393677,2.3125624230354442,1.1646891072713474,4.357863342989331,0.26726150308155683
Sphere,184,0.3928472697734833,-0.3928474187850952,-0.8314695954322815,0.39582258462905884,-0.3958227336406708,-0.8286427855491638,1.5149160221207183,0.7622716231538738,2.752938207270963,0.27689383697047365
Sphere,185,0.2705979645252228,-0.27059802412986755,-0.9238795042037964,0.2742781639099121,-0.27427828311920166,-0.9217065572738647,2.3971824097705507,1.2051480107897126,4.528223351405327,0.2661414681357748
Sphere,186,0.1379496157169342,-0.1379496306180954,-0.9807852506637573,0.14210449159145355,-0.1421045958995819,-0.9795981049537659,3.0133687128572517,1.5138447564795472,5.764104295051117,0.26263313066338645
Sphere,187,0.1083863154053688,-0.1622115969657898,0.9807852506637573,0.11165047436952591,-0.1670968383550644,0.979598343372345,1.5211651809460691,0.7641889592842125,2.76605656112286,0.27627380076927843
Sphere,188,0.21260744333267212,-0.3181896209716797,0.9238795042037964,0.21549710631370544,-0.3225143849849701,0.9217079281806946,1.7426403474927066,0.8761145384180452,3.2125658021642884,0.27271489282112493
Sphere,189,0.30865809321403503,-0.46193966269493103,0.8314695954322815,0.3109927773475647,-0.4654352068901062,0.828645646572113,2.2763055172685593,1.1453659196753003,4.285335354844891,0.2672756796922271
Sphere,190,0.3928474187850952,-0.5879377126693726,0.7071067690849304,0.39453405141830444,-0.5904606580734253,0.7040590047836304,2.007931246355614,1.0112608016859086,3.745897612084623,0.26996488062660484
Sphere,191,0.4619395434856415,-0.6913415193557739,0.5555702447891235,0.46297696232795715,-0.6928972601890564,0.5527618527412415,2.0024676522412017,1.0094312118108393,3.7346470559005196,0.2702882485818836
Sphere,192,0.513279914855957,-0.7681775689125061,0.3826834559440613,0.5137737989425659,-0.7689129114151001,0.3805381655693054,1.9978776695469063,1.0079019956464588,3.7251915341435287,0.27056380495028387
Sphere,193,0.5448948740959167,-0.8154929876327515,0.19509032368659973,0.5450233221054077,-0.8156842589378357,0.19392983615398407,1.9948148753403543,1.0068736437256733,3.7188835349805323,0.2707462157001763
Sphere,194,0.5555697083473206,-0.8314693570137024,0.0,0.5555678009986877,-0.8314712047576904,-2.4091462158537524e-09,1.9937269724266626,1.0065036249907549,3.716644154298975,0.27080979055435006
Sphere,195,0.5448948740959167,-0.8154929876327515,-0.19509032368659973,0.5450232625007629,-0.8156842589378357,-0.19392983615398407,1.9948147624276131,1.0068736437256733,3.7188832914233316,0.2707462334318944
Sphere,196,0.513279914855957,-0.7681775689125061,-0.3826834559440613,0.5137739181518555,-0.7689129710197449,-0.3805382251739502,1.9978781031059534,1.007901995646459,3.7251924691736313,0.27056373703827563
Sphere,197,0.4619395434856415,-0.6913415193557739,-0.5555702447891235,0.46297696232795715,-0.6928972601890564,-0.5527619123458862,2.0024676252261684,1.0094312118108393,3.7346469976550436,0.2702882527972934
Sphere,198,0.3928474187850952,-0.5879377126693726,-0.7071067690849304,0.39453405141830444,-0.5904606580734253,-0.7040590047836304,2.0079315501913637,1.0112608016859086,3.745898266952069,0.2699648334306588
Sphere,199,0.30865809321403503,-0.46193966269493103,-0.8314695954322815,0.3109944760799408,-0.46543607115745544,-0.8286444544792175,2.0134231509265827,1.0130962149728364,3.7572054107613058,0.26964089109185996
Sphere,200,0.21260744333267212,-0.3181896209716797,-0.9238795042037964,0.21549849212169647,-0.32251542806625366,-0.9217072129249573,2.018170037457301,1.01463626397183,3.7669907933149656,0.26934928159963634
Sphere,201,0.1083863154053688,-0.1622115969657898,-0.9807852506637573,0.11165057122707367,-0.16709713637828827,-0.9795982837677002,2.0217431708983242,1.015657832719994,3.774394766725064,0.26909157507158477
Sphere,202,0.07465778291225433,-0.18023985624313354,0.9807852506637573,0.07690633833408356,-0.18566828966140747,0.9795982837677002,2.0217440818547834,1.0156981027797016,3.774385240145647,0.26910292356391996
Sphere,203,0.14644652605056763,-0.35355332493782043,0.9238795042037964,0.14843696355819702,-0.35836055874824524,0.9217072129249573,2.018165986551573,1.0146751298575298,3.7669709554992696,0.2693610176038763
Sphere,204,0.21260735392570496,-0.5132797956466675,0.8314695954322815,0.2142149806022644,-0.5171656012535095,0.8286445140838623,2.0134204997259006,1.0130654102529812,3.7572085311286614,0.26963246832314014
Sphere,205,0.27059799432754517,-0.6532813906669617,0.7071067690849304,0.27176007628440857,-0.6560848951339722,0.7040591239929199,2.0079330676089877,1.0112694108416922,3.7458990607043496,0.2699670745136258
Sphere,206,0.31818944215774536,-0.7681775093078613,0.5555702447891235,0.3189034163951874,-0.7699058055877686,0.5527617931365967,2.002466545680292,1.0094334812126824,3.734644015039618,0.2702890763209662
Sphere,207,0.3535533547401428,-0.8535531759262085,0.3826834559440613,0.35389435291290283,-0.8543708324432373,0.38053807616233826,1.9978774192902298,1.0078967724570655,3.7251925063698055,0.27056233221065384
Sphere,208,0.37533003091812134,-0.9061272144317627,0.19509032368659973,0.3754187524318695,-0.9063400030136108,0.19392983615398407,1.9948148148276554,1.0068785047029063,3.7188819947116025,0.2707476349437081
Sphere,209,0.3826829493045807,-0.9238791465759277,0.0,0.382680743932724,-0.9238806962966919,-1.2045731079268762e-09,1.9937266660036972,1.0064999035705606,3.7166445732655777,0.27080875874181687
Sphere,210,0.37533003091812134,-0.9061272144317627,-0.19509032368659973,0.3754187226295471,-0.9063399434089661,-0.19392983615398407,1.994814968768966,1.0068785047029063,3.718882326769176,0.27074761076875586
Sphere,211,0.3535533547401428,-0.8535531759262085,-0.3826834559440613,0.3538943827152252,-0.8543707728385925,-0.38053807616233826,1.997877058186307,1.0078967724570655,3.7251917275995288,0.27056238877308547
Sphere,212,0.31818944215774536,-0.7681775093078613,-0.5555702447891235,0.318903386592865,-0.7699058055877686,-0.5527617931365967,2.0024666106544493,1.0094334812126824,3.7346441551265035,0.2702890661823951
Sphere,213,0.27059799432754517,-0.6532813906669617,-0.7071067690849304,0.27176007628440857,-0.6560848951339722,-0.7040590047836304,2.007933074151437,1.0112694108416922,3.7458990748055196,0.26996707349735405
Sphere,214,0.21260735392570496,-0.5132797956466675,-0.8314695954322815,0.2142166644334793,-0.5171648263931274,-0.8286445736885071,2.0134205148982005,1.013075437543924,3.7572056886707648,0.2696353411256365
Sphere,215,0.14644652605056763,-0.35355332493782043,-0.9238795042037964,0.14843806624412537,-0.3583601117134094,-0.9217072129249573,2.018166142464941,1.0146548434345133,3.7669770914120555,0.26935519351782644
Sphere,216,0.07465778291225433,-0.18023985624313354,-0.9807852506637573,0.07690615206956863,-0.18566834926605225,-0.9795981645584106,2.021743545303587,1.0156765668846521,3.774390228492205,0.26909686211496875
Sphere,217,0.038060203194618225,-0.1913415938615799,0.9807852506637573,0.03920654207468033,-0.19710440933704376,0.9795982837677002,2.0217415982169507,1.015669021405708,3.7743881879649015,0.26909500846900003
Sphere,218,0.07465776056051254,-0.3753301799297333,0.9238795042037964,0.07567227631807327,-0.38043326139450073,0.9217071533203125,2.66808575022499,1.3413823675563563,5.07168704890106,0.26448445154892
Sphere,219,0.10838623344898224,-0.5448948740959167,0.8314695954322815,0.10920611768960953,-0.5490210652351379,0.8286434412002563,1.8049691395371807,0.9081833197452681,3.337852134072746,0.27208614500161543
Sphere,220,0.13794966042041779,-0.6935198307037354,0.7071067690849304,0.13854236900806427,-0.6964961290359497,0.7040591239929199,2.007935501396966,1.011266661650393,3.7459050972529733,0.2699659055409589
Sphere,221,0.16221152245998383,-0.8154928684234619,0.5555702447891235,0.16257460415363312,-0.8173272609710693,0.5527617335319519,2.002466926323622,1.0094281965709226,3.7346463611539313,0.2702874914933122
Sphere,222,0.1802399456501007,-0.9061272144317627,0.3826834559440613,0.18041487038135529,-0.9069957733154297,0.38053810596466064,1.9978786807358178,1.0079010280826557,3.7251939949897137,0.2705633664819216
Sphere,223,0.19134151935577393,-0.9619394540786743,0.19509032368659973,0.1913870871067047,-0.9621654152870178,0.19392983615398407,1.994812937953834,1.0068722360725204,3.7188797641979576,0.2707461117097101
Sphere,224,0.1950899064540863,-0.9807847738265991,0.0,0.19508741796016693,-0.9807858467102051,0.0,1.9937276717068062,1.0065035421240265,3.716645686821111,0.27080965659250134
Sphere,225,0.19134151935577393,-0.9619394540786743,-0.19509032368659973,0.19138705730438232,-0.9621654152870178,-0.19392982125282288,1.9948132971334398,1.0068722360724969,3.7188805389624493,0.2707460553044303
Sphere,226,0.1802399456501007,-0.9061272144317627,-0.3826834559440613,0.18041487038135529,-0.9069957733154297,-0.38053804636001587,1.9978787188619793,1.0079010280826812,3.7251940772140384,0.27056336050992025
Sphere,227,0.16221152245998383,-0.8154928684234619,-0.5555702447891235,0.16257458925247192,-0.8173272609710693,-0.5527617931365967,2.002466710375875,1.0094281965709229,3.7346458955621697,0.27028752518958044
Sphere,228,0.13794966042041779,-0.6935198307037354,-0.7071067690849304,0.13854236900806427,-0.6964961290359497,-0.7040590047836304,2.0079355968212242,1.0112666616503931,3.7459053029241276,0.2699658907183209
Sphere,229,0.10838623344898224,-0.5448948740959167,-0.8314695954322815,0.10920669138431549,-0.5490192770957947,-0.8286445140838623,2.013419342434086,1.0130668570654182,3.7572056227512265,0.2696330621169454
Sphere,230,0.07465776056051254,-0.3753301799297333,-0.9238795042037964,0.07567252218723297,-0.38043150305747986,-0.9217079281806946,2.2068033537464173,1.1094715869481926,4.14600665798201,0.26760004951082417
Sphere,231,0.038060203194618225,-0.1913415938615799,-0.9807852506637573,0.03920639306306839,-0.19710414111614227,-0.979598343372345,1.521163882272827,0.7641818952383601,2.766056512780767,0.27627125176488687
Sphere,232,-7.450580596923828e-09,-0.195090189576149,0.9807852506637573,6.025819487831541e-08,-0.20096589624881744,0.9795981645584106,2.0217422843478516,1.015679663123678,3.774386629671908,0.2690979390237951
Sphere,233,-5.21540641784668e-08,-0.38268333673477173,0.9238795042037964,-5.495169830282975e-07,-0.38788655400276184,0.9217072129249573,1.622856085256097,0.8158987698812489,2.971100537709544,0.27461163280265
Sphere,234,-9.685754776000977e-08,-0.5555699467658997,0.8314695954322815,-8.807009521660802e-07,-0.5597735643386841,0.828645646572113,2.276299529985055,1.14534435159906,4.285327951538896,0.26727110843121293
Sphere,235,-1.4901161193847656e-08,-0.7071066498756409,0.7071067690849304,6.286030043156643e-07,-0.7101414203643799,0.7040591239929199,2.0079324964647007,1.011247099361844,3.74590424853581,0.2699607443935914
Sphere,236,-1.043081283569336e-07,-0.8314692974090576,0.5555702447891235,-1.8672975556910387e-06,-0.833339273929596,0.5527617335319519,2.002468569687498,1.0094319934105453,3.7346488083392813,0.2702883310357147
Sphere,237,2.9802322387695312e-08,-0.9238792657852173,0.3826834559440613,2.170563448089524e-06,-0.9247652888298035,0.38053807616233826,1.9978758476852518,1.0079013354923052,3.7251877961391955,0.2705638992313084
Sphere,238,-1.341104507446289e-07,-0.9807849526405334,0.19509032368659973,4.744625812236336e-07,-0.9810154438018799,0.1939297467470169,1.9948191911114521,1.0068814160926307,3.718890590193844,0.27074779202905996
Sphere,239,-3.2782554626464844e-07,-0.9999993443489075,0.0,-3.0644334856333444e-06,-1.0,0.0,1.9937207973670137,1.0064787594915756,3.716638049692901,0.27080354504112636
Sphere,240,-1.341104507446289e-07,-0.9807849526405334,-0.19509032368659973,4.7205412556650117e-07,-0.9810154438018799,-0.1939297467470169,1.9948191717931318,1.0068814160926307,3.718890548523459,0.27074779506280455
Sphere,241,2.9802322387695312e-08,-0.9238792657852173,-0.3826834559440613,2.1657508568750927e-06,-0.9247652888298035,-0.38053807616233826,1.9978758476852183,1.00790133549228,3.7251877961391306,0.2705638992313062
Sphere,242,-1.043081283569336e-07,-0.8314692974090576,-0.5555702447891235,-1.8745074612525059e-06,-0.8333393335342407,-0.5527618527412415,2.002468406797087,1.0094319934105451,3.7346484571411382,0.27028835645303606
Sphere,243,-1.4901161193847656e-08,-0.7071066498756409,-0.7071067690849304,6.346010650304379e-07,-0.7101413607597351,-0.7040591239929199,2.007932692990937,1.011247099361844,3.7459046721148788,0.26996071386699483
Sphere,244,-9.685754776000977e-08,-0.5555699467658997,-0.8314695954322815,4.640085293772245e-08,-0.5597752332687378,-0.8286445140838623,2.013417575354432,1.0130886318006593,3.757195571816556,0.26963957889230783
Sphere,245,-5.21540641784668e-08,-0.38268333673477173,-0.9238795042037964,3.294476869086793e-08,-0.3878881633281708,-0.9217064380645752,1.859239794556264,0.9347551389737425,3.447325898861656,0.271153690250872
Sphere,246,-7.450580596923828e-09,-0.195090189576149,-0.9807852506637573,-3.9078205560372226e-08,-0.20096620917320251,-0.9795981049537659,3.0133719323258137,1.5138600869171293,5.764108254769656,0.26263560988197066
Sphere,247,-0.03806021437048912,-0.1913415789604187,0.9807852506637573,-0.039206575602293015,-0.19710467755794525,0.9795981049537659,3.013367160975113,1.513858727667206,5.764098503577659,0.26263581837256655
Sphere,248,-0.0746578648686409,-0.3753301799297333,0.9238795042037964,-0.07567333430051804,-0.3804350197315216,0.92170649766922,1.8592392598614496,0.9346723392615548,3.4473508069980467,0.27112771272485237
Sphere,249,-0.10838641971349716,-0.544894814491272,0.8314695954322815,-0.10920849442481995,-0.549018919467926,0.8286444544792175,2.0134231232700945,1.0130981636325598,3.7572047924265695,0.2696414541136194
Sphere,250,-0.13794967532157898,-0.6935197710990906,0.7071067690849304,-0.13854104280471802,-0.6964963674545288,0.7040591239929199,2.0079324085672114,1.0112598605725875,3.74590038778948,0.269964429344943
Sphere,251,-0.16221171617507935,-0.8154928088188171,0.5555702447891235,-0.162578284740448,-0.8173266649246216,0.5527617931365967,2.0024687397271075,1.009431642806946,3.734649276154337,0.2702882032998781
Sphere,252,-0.18023987114429474,-0.9061271548271179,0.3826834559440613,-0.18041059374809265,-0.9069965481758118,0.38053807616233826,1.9978745654126489,1.007900810292239,3.725185182768584,0.2705639480567139
Sphere,253,-0.19134178757667542,-0.9619393944740295,0.19509032368659973,-0.19138620793819427,-0.9621656537055969,0.19392968714237213,1.994819162943859,1.0068729047619802,3.718892997814645,0.27074532807307294
Sphere,254,-0.19509051740169525,-0.98078453540802,0.0,-0.19509324431419373,-0.9807847738265991,-2.4091459938091475e-09,1.9937205512385212,1.0064817350996405,3.716636655212012,0.2708044472650304
Sphere,255,-0.19134178757667542,-0.9619393944740295,-0.19509032368659973,-0.19138623774051666,-0.9621656537055969,-0.19392970204353333,1.994819201442044,1.0068729047619804,3.718893080856698,0.2707453220273903
Sphere,256,-0.18023987114429474,-0.9061271548271179,-0.3826834559440613,-0.18041060864925385,-0.9069965481758118,-0.38053807616233826,1.9978744118657674,1.007900810292239,3.725184851623412,0.270563972108123
Sphere,257,-0.16221171617507935,-0.8154928088188171,-0.5555702447891235,-0.1625782996416092,-0.8173266649246216,-0.5527617931365967,2.0024687664963077,1.0094316428069743,3.7346493338697755,0.27028819912283963
Sphere,258,-0.13794967532157898,-0.6935197710990906,-0.7071067690849304,-0.13854104280471802,-0.6964963674545288,-0.7040591239929199,2.0079324095179443,1.0112598605726206,3.7459003898386163,0.26996442919727204
Sphere,259,-0.10838641971349716,-0.544894814491272,-0.8314695954322815,-0.10920669883489609,-0.5490193367004395,-0.8286444544792175,2.0134236094064466,1.0131061811009778,3.7572035409959534,0.26964367781693976
Sphere,260,-0.0746578648686409,-0.3753301799297333,-0.9238795042037964,-0.07567233592271805,-0.3804333508014679,-0.9217071533203125,2.018168502286079,1.014607882477977,3.766995600984421,0.2693414035877375
Sphere,261,-0.03806021437048912,-0.1913415789604187,-0.9807852506637573,-0.039206612855196,-0.19710437953472137,-0.9795982837677002,2.0217415054034737,1.015687812789924,3.774382627219683,0.2691003835872645
Sphere,262,-0.07465778291225433,-0.18023982644081116,0.9807852506637573,-0.07690642774105072,-0.18566825985908508,0.9795981645584106,2.0217411681647848,1.0156459296960745,3.7743938494899334,0.26908848683963593
Sphere,263,-0.1464466154575348,-0.35355329513549805,0.9238795042037964,-0.14843736588954926,-0.35836049914360046,0.9217071533203125,2.01817077332592,1.0146375702162793,3.766992004924697,0.2693495417271432
Sphere,264,-0.2126075029373169,-0.5132796168327332,0.8314695954322815,-0.21421848237514496,-0.5171641707420349,0.8286445140838623,2.013417822161324,1.0130916270799255,3.7571952447462484,0.2696403995763992
Sphere,265,-0.27059799432754517,-0.6532813310623169,0.7071067690849304,-0.27175867557525635,-0.6560853719711304,0.7040591239929199,2.0079332031713677,1.0112640414759648,3.745900897612799,0.2699655087299364
Sphere,266,-0.3181896209716797,-0.7681773900985718,0.5555702447891235,-0.3189069628715515,-0.7699044346809387,0.5527617335319519,2.00246911616913,1.0094252140762279,3.734651943452367,0.270286288885893
Sphere,267,-0.35355323553085327,-0.8535531163215637,0.3826834559440613,-0.3538902997970581,-0.8543725609779358,0.3805380165576935,1.9978758733734545,1.007901304966181,3.725187860375676,0.27056388637123296
Sphere,268,-0.37533026933670044,-0.9061270356178284,0.19509032368659973,-0.37541791796684265,-0.9063402414321899,0.19392965734004974,1.9948170992419028,1.0068652288170106,3.718890772438866,0.27074342604493973
Sphere,269,-0.38268348574638367,-0.9238787293434143,0.0,-0.38268616795539856,-0.9238784313201904,0.0,1.993721877544646,1.0064837923765548,3.716638919257216,0.27080483583207604
Sphere,270,-0.37533026933670044,-0.9061270356178284,-0.19509032368659973,-0.37541794776916504,-0.9063402414321899,-0.19392965734004974,1.9948171559115233,1.0068652288170343,3.718890894677329,0.2707434171457175
Sphere,271,-0.35355323553085327,-0.8535531163215637,-0.3826834559440613,-0.3538902997970581,-0.8543725609779358,-0.3805380165576935,1.9978758888622021,1.007901304966181,3.7251878937793084,0.2705638839450959
Sphere,272,-0.3181896209716797,-0.7681773900985718,-0.5555702447891235,-0.31890690326690674,-0.7699044346809387,-0.5527617335319519,2.002469179128641,1.0094252140761997,3.734652079195471,0.2702862790618108
Sphere,273,-0.27059799432754517,-0.6532813310623169,-0.7071067690849304,-0.27175867557525635,-0.6560853719711304,-0.7040591239929199,2.0079330240956774,1.0112640414759648,3.7459005116448685,0.26996553654648636
Sphere,274,-0.2126075029373169,-0.5132796168327332,-0.8314695954322815,-0.21421681344509125,-0.5171648263931274,-0.8286445140838623,2.013418162671003,1.0130940062040543,3.7571952962432444,0.26964102909876164
Sphere,275,-0.1464466154575348,-0.35355329513549805,-0.9238795042037964,-0.14843711256980896,-0.3583587110042572,-0.9217078685760498,2.2068100811302385,1.1095028783619072,4.146012972994868,0.2676071892656089
Sphere,276,-0.07465778291225433,-0.18023982644081116,-0.9807852506637573,-0.0769062265753746,-0.1856679916381836,-0.979598343372345,1.521162587823845,0.7641497638086111,2.7660665418646078,0.27625863378308213
Sphere,277,-0.10838630050420761,-0.1622115522623062,0.9807852506637573,-0.11165057122707367,-0.167096808552742,0.979598343372345,1.5211639145259386,0.7641731574719898,2.766060093885441,0.27626773516643577
Sphere,278,-0.2126075029373169,-0.3181895315647125,0.9238795042037964,-0.21549738943576813,-0.3225143253803253,0.9217078685760498,2.206808301095066,1.1094875512876932,4.146013119182727,0.267603483007405
Sphere,279,-0.3086581826210022,-0.46193939447402954,0.8314695954322815,-0.3109959661960602,-0.4654349982738495,0.8286445140838623,2.013416917414508,1.0130868107493218,3.7571946763567468,0.26963915847226905
Sphere,280,-0.3928474187850952,-0.5879376530647278,0.7071067690849304,-0.3945327401161194,-0.5904613733291626,0.7040591239929199,2.007935143817884,1.0112707961749605,3.745903137080127,0.26996715055564136
Sphere,281,-0.46193963289260864,-0.6913413405418396,0.5555702447891235,-0.46298012137413025,-0.6928952932357788,0.5527617335319519,2.002467122708483,1.0094214674883384,3.7346487269405717,0.27028551847639437
Sphere,282,-0.5132797360420227,-0.7681775093078613,0.3826834559440613,-0.5137702226638794,-0.7689154744148254,0.38053813576698303,1.9978747721251588,1.0078926367267036,3.7251879945510895,0.2705615496992284
Sphere,283,-0.5448950529098511,-0.8154927492141724,0.19509032368659973,-0.5450225472450256,-0.8156848549842834,0.19392959773540497,1.994821176167311,1.0068701071568102,3.718898151748368,0.27074420058625415
Sphere,284,-0.555570125579834,-0.8314687609672546,0.0,-0.5555727481842041,-0.8314679265022278,-2.4091457717645426e-09,1.993718562112934,1.006486688480669,3.7166309268120203,0.27080619741384804
Sphere,285,-0.5448950529098511,-0.8154927492141724,-0.19509032368659973,-0.5450226068496704,-0.8156847953796387,-0.19392958283424377,1.9948210825729564,1.006870107156834,3.718897949861857,0.27074421528405623
Sphere,286,-0.5132797360420227,-0.7681775093078613,-0.3826834559440613,-0.5137701630592346,-0.7689154744148254,-0.3805381655693054,1.9978746916279924,1.0078926367267287,3.7251878209478955,0.27056156230808903
Sphere,287,-0.46193963289260864,-0.6913413405418396,-0.5555702447891235,-0.46298012137413025,-0.6928952932357788,-0.5527617335319519,2.002467003519558,1.0094214674883384,3.734648469964763,0.27028553707435354
Sphere,288,-0.3928474187850952,-0.5879376530647278,-0.7071067690849304,-0.39453282952308655,-0.5904614925384521,-0.7040591239929199,2.0079350777379115,1.0112707961749274,3.745902994655662,0.26996716082016103
Sphere,289,-0.3086581826210022,-0.46193939447402954,-0.8314695954322815,-0.3109944760799408,-0.46543607115745544,-0.8286444544792175,2.013416975102382,1.0130897633725326,3.7571939540357233,0.2696399961690401
Sphere,290,-0.2126075029373169,-0.3181895315647125,-0.9238795042037964,-0.215498685836792,-0.32251548767089844,-0.9217071533203125,2.018168552577922,1.0146282741866541,3.7669898791941687,0.26934722596167493
Sphere,291,-0.10838630050420761,-0.1622115522623062,-0.9807852506637573,-0.11165065318346024,-0.1670970767736435,-0.9795982837677002,2.0217425870176915,1.015655915561431,3.774394056249255,0.26909111778612815
Sphere,292,-0.13794958591461182,-0.13794957101345062,0.9807852506637573,-0.14210432767868042,-0.1421043872833252,0.9795981645584106,2.021740251628676,1.0156616614555676,3.774387387705991,0.26909311555136095
Sphere,293,-0.27059799432754517,-0.2705979347229004,0.9238795042037964,-0.2742776572704315,-0.2742766737937927,0.9217071533203125,2.0181686515503996,1.014620960929181,3.7669921832915465,0.2693451198092529
Sphere,294,-0.39284729957580566,-0.39284712076187134,0.8314695954322815,-0.3958221673965454,-0.3958195149898529,0.8286445736885071,2.013417402217494,1.0130836857424208,3.757196616971994,0.26963818746299406
Sphere,295,-0.49999991059303284,-0.49999988079071045,0.7071067690849304,-0.5021453499794006,-0.5021462440490723,0.7040591239929199,2.007938197001316,1.0112686091155474,3.745910346910902,0.26996604709173
Sphere,296,-0.587937593460083,-0.5879374146461487,0.5555702447891235,-0.5892612338066101,-0.5892585515975952,0.5527617335319519,2.0024644055114282,1.0094330898410968,3.7346395137205093,0.2702892973023474
Sphere,297,-0.6532812118530273,-0.6532812714576721,0.3826834559440613,-0.6539062261581421,-0.6539093852043152,0.3805381953716278,1.9978758448984375,1.0078939762179249,3.7251899203956302,0.270561769401245
Sphere,298,-0.6935197710990906,-0.6935195326805115,0.19509032368659973,-0.6936824917793274,-0.6936829686164856,0.19392946362495422,1.9948221421321162,1.0068803407111744,3.718897267533962,0.27074701673027035
Sphere,299,-0.7071064710617065,-0.7071059346199036,0.0,-0.7071089744567871,-0.7071045637130737,-2.4091455497199377e-09,1.9937166493035927,1.0064903395973899,3.716625740960188,0.27080755764699727
Sphere,300,-0.6935197710990906,-0.6935195326805115,-0.19509032368659973,-0.6936824917793274,-0.6936830282211304,-0.1939294934272766,1.9948222304666268,1.0068803407111506,3.7188974580749514,0.2707470028583019
Sphere,301,-0.6532812118530273,-0.6532812714576721,-0.3826834559440613,-0.6539062261581421,-0.6539093852043152,-0.3805381953716278,1.9978758448983482,1.0078939762178998,3.7251899203954446,0.27056176940125165
Sphere,302,-0.587937593460083,-0.5879374146461487,-0.5555702447891235,-0.5892612338066101,-0.5892585515975952,-0.5527617335319519,2.002464067851176,1.009433089841097,3.7346387857113528,0.2702893499909993
Sphere,303,-0.49999991059303284,-0.49999988079071045,-0.7071067690849304,-0.5021454095840454,-0.502146303653717,-0.7040590643882751,2.0079378633847806,1.0112686091155803,3.745909627855843,0.26996609891371826
Sphere,304,-0.39284729957580566,-0.39284712076187134,-0.8314695954322815,-0.39582085609436035,-0.39582082629203796,-0.8286445736885071,2.01341741558356,1.0130791923536013,3.757197934175731,0.26963689699138893
Sphere,305,-0.27059799432754517,-0.2705979347229004,-0.9238795042037964,-0.2742784023284912,-0.2742783725261688,-0.9217063784599304,1.8592396008642802,0.9347106588335822,3.4473394826690695,0.2711397190594911
Sphere,306,-0.13794958591461182,-0.13794957101345062,-0.9807852506637573,-0.1421045958995819,-0.14210450649261475,-0.9795981049537659,3.0133656884627458,1.513857156618699,5.764095703528902,0.2626356733965891
Sphere,307,0.0,0.0,-1.0,3.927846492501885e-08,-3.3234186957997736e-08,-0.9999999403953552,1.5144135739982163,0.7628237886658696,2.7515977496342376,0.2772293983621952
Sphere,308,-0.1622115522623062,-0.10838627815246582,0.9807852506637573,-0.1670970469713211,-0.1116507425904274,0.9795982837677002,2.021745074993785,1.0157261086949854,3.7743793892666284,0.26911076072094153
Sphere,309,-0.3181895613670349,-0.21260741353034973,0.9238795042037964,-0.32251617312431335,-0.21549759805202484,0.9217070937156677,2.018170367187685,1.0146543932692738,3.766986320261422,0.26935441411394834
Sphere,310,-0.4619395136833191,-0.3086579442024231,0.8314695954322815,-0.46543702483177185,-0.31099286675453186,0.8286445736885071,2.0134182410537727,1.0130760160801002,3.757200623499463,0.2696358586080825
Sphere,311,-0.5879376530647278,-0.39284735918045044,0.7071067690849304,-0.590462327003479,-0.3945334851741791,0.7040579319000244,1.6770096694741075,0.8445943864725047,3.079780871430132,0.2742384675180827
Sphere,312,-0.6913414597511292,-0.46193942427635193,0.5555702447891235,-0.692897379398346,-0.46297693252563477,0.5527617931365967,2.3354796890384217,1.1773006975951854,4.40361041032173,0.2673489677551135
Sphere,313,-0.7681774497032166,-0.5132797956466675,0.3826834559440613,-0.7689129114151001,-0.5137739777565002,0.3805381655693054,1.9978763221548264,1.00790041161681,3.7251890868300848,0.27056355747956773
Sphere,314,-0.8154929280281067,-0.5448946952819824,0.19509032368659973,-0.8156843185424805,-0.5450232625007629,0.19392934441566467,1.994820583216698,1.0068838338613435,3.718892891840575,0.27074827459282136
Sphere,315,-0.8314691185951233,-0.5555694103240967,0.0,-0.83147132396698,-0.5555676817893982,-4.818291099439875e-09,1.993716041908536,1.006486584710109,3.7166255203935,0.2708065634235721
Sphere,316,-0.8154929280281067,-0.5448946952819824,-0.19509032368659973,-0.8156843185424805,-0.5450233221054077,-0.19392937421798706,1.9948207013270534,1.0068838338613673,3.7188931466093242,0.27074825604478225
Sphere,317,-0.7681774497032166,-0.5132797956466675,-0.3826834559440613,-0.7689129114151001,-0.5137739181518555,-0.38053813576698303,1.9978762409085558,1.00790041161681,3.725188911611255,0.2705635702058564
Sphere,318,-0.6913414597511292,-0.46193942427635193,-0.5555702447891235,-0.6928974390029907,-0.46297702193260193,-0.5527617931365967,2.0024697723552234,1.0094339881786685,3.734650825541556,0.27028871916889097
Sphere,319,-0.5879376530647278,-0.39284735918045044,-0.7071067690849304,-0.5904605388641357,-0.39453402161598206,-0.7040591239929199,2.0079325986391727,1.0112615785196233,3.7459003032177813,0.2699648940605641
Sphere,320,-0.4619395136833191,-0.3086579442024231,-0.8314695954322815,-0.46543610095977783,-0.31099435687065125,-0.8286445140838623,2.0134180686657404,1.013069505725954,3.7572021188003104,0.2696340185311701
Sphere,321,-0.3181895613670349,-0.21260741353034973,-0.9238795042037964,-0.3225155770778656,-0.21549855172634125,-0.9217071533203125,2.018170138097351,1.01466392016776,3.766983102979565,0.26935717321513675
Sphere,322,-0.1622115522623062,-0.10838627815246582,-0.9807852506637573,-0.16709713637828827,-0.11165057867765427,-0.9795981645584106,2.0217446769475123,1.0156777974298832,3.7743923144764358,0.26909703941858854
Sphere,323,-0.18023981153964996,-0.07465775310993195,0.9807852506637573,-0.18566828966140747,-0.07690635323524475,0.9795982241630554,2.0217459349729427,1.0156654395867077,3.774398549153206,0.26909332079267934
Sphere,324,-0.35355326533317566,-0.14644651114940643,0.9238795042037964,-0.3583607077598572,-0.14843708276748657,0.9217071533203125,2.0181695894690197,1.0146707762992302,3.7669799609954246,0.26935921794261497
Sphere,325,-0.5132796168327332,-0.2126072347164154,0.8314695954322815,-0.51716548204422,-0.21421492099761963,0.8286445140838623,2.0134153116622766,1.0130745140313913,3.757194742440353,0.26963588088420054
Sphere,326,-0.6532813310623169,-0.2705979645252228,0.7071067690849304,-0.6560842990875244,-0.27175843715667725,0.7040601968765259,2.5015703361221227,1.259865731253656,4.73718846436149,0.265952207882755
Sphere,327,-0.7681773900985718,-0.3181893229484558,0.5555702447891235,-0.7699058055877686,-0.3189033567905426,0.5527617335319519,1.752568462930485,0.8834488074749307,3.2317734554124575,0.2733634704485126
Sphere,328,-0.853553056716919,-0.35355326533317566,0.3826834559440613,-0.8543707728385925,-0.3538943827152252,0.3805381953716278,1.997876623902082,1.0079013191930661,3.7251894748764833,0.2705637729276804
Sphere,329,-0.9061271548271179,-0.3753298819065094,0.19509032368659973,-0.9063401222229004,-0.3754187524318695,0.1939292699098587,1.9948229725055113,1.0068809357462056,3.7188988861153263,0.2707470588956964
Sphere,330,-0.9238788485527039,-0.3826826810836792,0.0,-0.9238807559013367,-0.38268059492111206,-1.2045728858822713e-09,1.9937135786462694,1.0064799973127205,3.716622118402746,0.2708050388897929
Sphere,331,-0.9061271548271179,-0.3753298819065094,-0.19509032368659973,-0.9063401222229004,-0.3754187822341919,-0.1939292699098587,1.994822674631796,1.0068809357461819,3.7188982435901208,0.2707471056734716
Sphere,332,-0.853553056716919,-0.35355326533317566,-0.3826834559440613,-0.8543707728385925,-0.3538943827152252,-0.3805381953716278,1.9978767791862893,1.0079013191930661,3.7251898097683878,0.2705637486041905
Sphere,333,-0.7681773900985718,-0.3181893229484558,-0.5555702447891235,-0.7699058651924133,-0.3189033269882202,-0.5527617335319519,2.002462583159097,1.0094170664136646,3.7346402098875275,0.2702849564306662
Sphere,334,-0.6532813310623169,-0.2705979645252228,-0.7071067690849304,-0.6560847759246826,-0.2717600464820862,-0.7040591239929199,2.0079371087803595,1.0112587121735728,3.7459108486980996,0.2699633688626193
Sphere,335,-0.5132796168327332,-0.2126072347164154,-0.8314695954322815,-0.5171648263931274,-0.21421663463115692,-0.8286445736885071,2.0134151146719517,1.0130715536732928,3.7571951668333976,0.26963506251050573
Sphere,336,-0.35355326533317566,-0.14644651114940643,-0.9238795042037964,-0.35836029052734375,-0.14843815565109253,-0.9217071533203125,2.0181693398479736,1.0146413045929865,3.766987849502254,0.2693508301936931
Sphere,337,-0.18023981153964996,-0.07465775310993195,-0.9807852506637573,-0.18566839396953583,-0.07690617442131042,-0.9795981645584106,2.0217457238177787,1.015680843744019,3.7743936998903997,0.2690977477451577
Sphere,338,-0.1913415491580963,-0.038060180842876434,0.9807852506637573,-0.19710443913936615,-0.039206553250551224,0.9795982241630554,2.0217459793981396,1.0157101326755908,3.774385894650828,0.269106064145451
Sphere,339,-0.3753301203250885,-0.07465775310993195,0.9238795042037964,-0.38043341040611267,-0.07567224651575089,0.9217072129249573,2.668091845533446,1.341409641369115,5.071694236702367,0.26448945436452487
Sphere,340,-0.5448946952819824,-0.10838615149259567,0.8314695954322815,-0.5490210056304932,-0.10920609533786774,0.8286435008049011,1.8049671133237035,0.9082063921279452,3.337840196149597,0.2720940304978101
Sphere,341,-0.6935197710990906,-0.1379496306180954,0.7071067690849304,-0.6964961886405945,-0.13854238390922546,0.7040590643882751,2.007938929259912,1.0112687401517155,3.7459118874746613,0.26996597104516273
Sphere,342,-0.8154927492141724,-0.16221143305301666,0.5555702447891235,-0.8173273205757141,-0.1625746190547943,0.5527616143226624,2.0024656914949692,1.0094340446060397,3.7346420107559117,0.27028937223402694
Sphere,343,-0.9061270952224731,-0.18023988604545593,0.3826834559440613,-0.9069957137107849,-0.18041492998600006,0.3805381953716278,1.997877760796344,1.0078939174431163,3.7251940693054424,0.27056145228724593
Sphere,344,-0.9619393944740295,-0.19134138524532318,0.19509032368659973,-0.9621655941009521,-0.19138696789741516,0.19392912089824677,1.994823793636285,1.006883683978982,3.718899860310397,0.27074772696217275
Sphere,345,-0.9807844161987305,-0.1950896978378296,0.0,-0.9807859063148499,-0.19508738815784454,1.2045727748599688e-09,1.993709645221366,1.0064788713490276,3.7166139600629298,0.27080533037980237
Sphere,346,-0.9619393944740295,-0.19134138524532318,-0.19509032368659973,-0.9621655941009521,-0.19138696789741516,-0.19392913579940796,1.9948235733409727,1.0068836839789819,3.7188993851247427,0.2707477615572027
Sphere,347,-0.9061270952224731,-0.18023988604545593,-0.3826834559440613,-0.9069957137107849,-0.18041490018367767,-0.3805381655693054,1.997877530997119,1.0078939174430912,3.725193573711959,0.2705614882822793
Sphere,348,-0.8154927492141724,-0.16221143305301666,-0.5555702447891235,-0.8173273205757141,-0.1625746190547943,-0.5527616739273071,2.002465550556611,1.0094340446060117,3.7346417068871323,0.27028939422608955
Sphere,349,-0.6935197710990906,-0.1379496306180954,-0.7071067690849304,-0.6964961290359497,-0.13854238390922546,-0.7040590643882751,2.0079390246840627,1.0112687401517155,3.7459120931455594,0.26996595622256625
Sphere,350,-0.5448946952819824,-0.10838615149259567,-0.8314695954322815,-0.5490192174911499,-0.10920669883489609,-0.8286445736885071,2.0134165535729425,1.0130835839528356,3.757194817644585,0.2696382895013001
Sphere,351,-0.3753301203250885,-0.07465775310993195,-0.9238795042037964,-0.38043326139450073,-0.07567335665225983,-0.9217071533203125,2.0181699332699465,1.0146722346115056,3.7669802846069107,0.2693595819329826
Sphere,352,-0.1913415491580963,-0.038060180842876434,-0.9807852506637573,-0.19710446894168854,-0.039206359535455704,-0.9795981645584106,2.02174592587747,1.0157058743056944,3.774386994235864,0.26910485751907554
Sphere,353,-0.1950901448726654,1.862645149230957e-08,0.9807852506637573,-0.20096595585346222,-6.115312345400525e-08,0.9795982241630554,2.021747632331316,1.0157188727718327,3.7743869609056384,0.2691083037569941
Sphere,354,-0.38268324732780457,5.21540641784668e-08,0.9238795042037964,-0.38788652420043945,5.474259978655027e-07,0.9217071533203125,2.01816880880257,1.0146759021568141,3.766976813892543,0.2693608037125972
Sphere,355,-0.5555697679519653,1.4901161193847656e-07,0.8314695954322815,-0.5597751140594482,-2.754115158154491e-08,0.8286445736885071,2.0134148069102107,1.0130899279778507,3.7571892351856775,0.2696403786347441
Sphere,356,-0.7071065902709961,2.9802322387695312e-08,0.7071067690849304,-0.7101413607597351,-6.370004257405526e-07,0.7040591835975647,2.0079360079321105,1.011270571820824,3.745905064080555,0.2699669517836658
Sphere,357,-0.8314691781997681,1.6391277313232422e-07,0.5555702447891235,-0.8333394527435303,1.9634264845080907e-06,0.5527617931365967,2.0024696151358183,1.0094295025055653,3.734651781374874,0.2702874488967626
Sphere,358,-0.9238791465759277,1.4901161193847656e-08,0.3826834559440613,-0.9247651696205139,-2.1489056507562054e-06,0.38053807616233826,1.997875959272509,1.0078982714665143,3.725188923726992,0.27056299481802615
Sphere,359,-0.9807848334312439,2.682209014892578e-07,0.19509032368659973,-0.9810156226158142,-2.709494992814143e-07,0.19392918050289154,1.994824261602168,1.0068831375777785,3.7189010281931623,0.2707474950111741
Sphere,360,-0.9999990463256836,4.470348358154297e-07,0.0,-1.0,2.9692719181184657e-06,2.4091455497199377e-09,1.9937139473783396,1.0064788253458221,3.7166232539366097,0.2708046408200695
Sphere,361,-0.9807848334312439,2.682209014892578e-07,-0.19509032368659973,-0.9810156226158142,-2.661326163888589e-07,-0.19392919540405273,1.9948242905796247,1.0068831375777547,3.7189010906986764,0.2707474904605731
Sphere,362,-0.9238791465759277,1.4901161193847656e-08,-0.3826834559440613,-0.9247651696205139,-2.145296093658544e-06,-0.38053807616233826,1.9978758787752504,1.0078982714665143,3.7251887501235377,0.27056300742696315
Sphere,363,-0.8314691781997681,1.6391277313232422e-07,-0.5555702447891235,-0.8333394527435303,1.964628154382808e-06,-0.5527617931365967,2.002469810968377,1.0094295025055933,3.7346522035974363,0.27028741833931735
Sphere,364,-0.7071065902709961,2.9802322387695312e-08,-0.7071067690849304,-0.7101413607597351,-6.441981668103836e-07,-0.7040591835975647,2.007936106195367,1.011270571820824,3.745905275870764,0.2699669365199704
Sphere,365,-0.5555697679519653,1.4901161193847656e-07,-0.8314695954322815,-0.559775173664093,-3.951556593051464e-08,-0.8286445736885071,2.013415101095934,1.0130899279778507,3.757189869047145,0.269640333144723
Sphere,366,-0.38268324732780457,5.21540641784668e-08,-0.9238795042037964,-0.38788655400276184,-5.033510319663037e-07,-0.9217071533203125,2.018168782451468,1.0146736324182666,3.766977406070237,0.2693601588326988
Sphere,367,-0.1950901448726654,1.862645149230957e-08,-0.9807852506637573,-0.20096595585346222,1.3677419019586523e-07,-0.9795982241630554,2.021747918419814,1.0157204763989618,3.774387119520796,0.269108717318832
Sphere,368,-0.19134153425693512,0.03806021809577942,0.9807852506637573,-0.19710445404052734,0.039206452667713165,0.9795981645584106,2.021746517440448,1.0156952414439555,3.774391301570599,0.26910173331029674
Sphere,369,-0.3753300905227661,0.0746578499674797,0.9238795042037964,-0.38043326139450073,0.07567340135574341,0.9217072129249573,2.018169931371359,1.014660433375806,3.766983654589378,0.26935620815334005
Sphere,370,-0.5448946356773376,0.10838643461465836,0.8314695954322815,-0.5490192770957947,0.10920672118663788,0.8286445736885071,2.0134204379819423,1.0130653969975407,3.7572084018943714,0.2696324740695131
Sphere,371,-0.6935197114944458,0.13794969022274017,0.7071067690849304,-0.6964964270591736,0.1385410875082016,0.7040590643882751,2.007937015715129,1.0112740152701782,3.745906245537337,0.2699677858929208
Sphere,372,-0.8154926300048828,0.16221176087856293,0.5555702447891235,-0.8173266649246216,0.1625784933567047,0.5527617335319519,2.0024640585014373,1.0094385761421458,3.7346371819068036,0.27029093509607116
Sphere,373,-0.9061270356178284,0.18023990094661713,0.3826834559440613,-0.9069965481758118,0.18041065335273743,0.3805381655693054,1.997876896020359,1.0079015432721639,3.7251899968737567,0.2705637951669613
Sphere,374,-0.9619392156600952,0.19134189188480377,0.19509032368659973,-0.9621656537055969,0.1913863867521286,0.19392922520637512,1.9948203823648292,1.0068820099820397,3.7188929875401806,0.27074777718947773
Sphere,375,-0.9807842373847961,0.19509057700634003,0.0,-0.9807847738265991,0.1950932741165161,-1.2045728858822713e-09,1.9937153015975444,1.0064902613867577,3.716622856412204,0.2708077467828849
Sphere,376,-0.9619392156600952,0.19134189188480377,-0.19509032368659973,-0.9621657133102417,0.1913863867521286,-0.19392922520637512,1.9948201819414055,1.0068820099820397,3.718892555218903,0.2707478086639079
Sphere,377,-0.9061270356178284,0.18023990094661713,-0.3826834559440613,-0.9069966077804565,0.18041065335273743,-0.38053810596466064,1.997876742473285,1.0079015432721388,3.725189665728225,0.27056381921834505
Sphere,378,-0.8154926300048828,0.16221176087856293,-0.5555702447891235,-0.817326545715332,0.16257846355438232,-0.5527616143226624,2.002464188449834,1.0094385761421178,3.7346374620809497,0.2702909148187189
Sphere,379,-0.6935197114944458,0.13794969022274017,-0.7071067690849304,-0.6964963674545288,0.1385410875082016,-0.7040590643882751,2.0079368809995994,1.0112740152701782,3.7459059551802136,0.26996780681898525
Sphere,380,-0.5448946356773376,0.10838643461465836,-0.8314695954322815,-0.5490192174911499,0.10920672118663788,-0.8286445736885071,2.0134203066731926,1.0130653969975407,3.7572081189733106,0.26963249437307435
Sphere,381,-0.3753300905227661,0.0746578499674797,-0.9238795042037964,-0.3804335296154022,0.07567237317562103,-0.9217071533203125,2.018169714801507,1.0146528813748312,3.7669853472702837,0.26935408233273095
Sphere,382,-0.19134153425693512,0.03806021809577942,-0.9807852506637573,-0.19710440933704376,0.03920663148164749,-0.9795982241630554,2.0217460093499615,1.015709732675076,3.774386073267085,0.26910594543283795
Sphere,383,-0.18023978173732758,0.07465778291225433,0.9807852506637573,-0.18566861748695374,0.0769064873456955,0.9795982241630554,3.013378437302826,1.5138638042442016,5.764121210111185,0.26263566449446696
Sphere,384,-0.3535532057285309,0.1464465856552124,0.9238795042037964,-0.358362078666687,0.14843860268592834,0.9217063188552856,1.5184834749423894,0.763464486910069,2.7603882928584182,0.2765786570263604
Sphere,385,-0.5132794380187988,0.2126074880361557,0.8314695954322815,-0.5171627998352051,0.21421702206134796,0.8286457061767578,2.276296273723761,1.1453542643133874,4.285318538770938,0.26727400867658346
Sphere,386,-0.6532812714576721,0.27059799432754517,0.7071067690849304,-0.6560854315757751,0.2717587649822235,0.7040590643882751,2.007937753147946,1.0112676107890277,3.745909677468875,0.2699658288270168
Sphere,387,-0.7681772112846375,0.3181896209716797,0.5555702447891235,-0.7699044942855835,0.3189069926738739,0.5527616143226624,2.0024659863868663,1.0094294635299412,3.734643968900899,0.2702880038728339
Sphere,388,-0.8535529971122742,0.35355323553085327,0.3826834559440613,-0.8543725609779358,0.3538902997970581,0.38053807616233826,1.9978782999895925,1.0079037509080564,3.725192385690641,0.27056421428854427
Sphere,389,-0.906126856803894,0.3753303289413452,0.19509032368659973,-0.9063404202461243,0.3754180669784546,0.19392924010753632,1.9948205671864943,1.006881952812039,3.7188934027877654,0.27074773158522314
Sphere,390,-0.9238784313201904,0.38268348574638367,0.0,-0.9238784313201904,0.38268622756004333,1.2045727748599688e-09,1.9937156513766365,1.0064870240211325,3.7166245504548883,0.2708067522983848
Sphere,391,-0.906126856803894,0.3753303289413452,-0.19509032368659973,-0.9063403010368347,0.3754180669784546,-0.19392924010753632,1.994820558812674,1.006881952812039,3.7188933847251033,0.27074773290024456
Sphere,392,-0.8535529971122742,0.35355323553085327,-0.3826834559440613,-0.8543725609779358,0.3538902997970581,-0.38053810596466064,1.9978781194375401,1.0079037509080564,3.725191996305096,0.27056424256998435
Sphere,393,-0.7681772112846375,0.3181896209716797,-0.5555702447891235,-0.7699044942855835,0.3189069926738739,-0.5527617931365967,2.002466139809256,1.0094294635299692,3.7346442996856046,0.2702879799329072
Sphere,394,-0.6532812714576721,0.27059799432754517,-0.7071067690849304,-0.6560854315757751,0.2717587649822235,-0.7040590643882751,2.007937994345607,1.0112676107890277,3.745910197330347,0.2699657913608666
Sphere,395,-0.5132794380187988,0.2126074880361557,-0.8314695954322815,-0.5171627998352051,0.21421699225902557,-0.8286457061767578,2.2762962104665854,1.1453542643133876,4.2853184038410514,0.2672740170921193
Sphere,396,-0.3535532057285309,0.1464465856552124,-0.9238795042037964,-0.3583607077598572,0.14843744039535522,-0.9217070937156677,1.6228590351498162,0.8159220553003921,2.9710984028686944,0.274619667430938
Sphere,397,-0.18023978173732758,0.07465778291225433,-0.9807852506637573,-0.18566827476024628,0.07690645009279251,-0.9795981645584106,2.0217473957404737,1.0156876463860447,3.7743953597644366,0.26909943171651074
Sphere,398,-0.16221150755882263,0.10838629305362701,0.9807852506637573,-0.1670968383550644,0.11165059357881546,0.979598343372345,1.5211671229236694,0.7641965792938087,2.766057815542931,0.2762764303044076
Sphere,399,-0.31818944215774536,0.2126074582338333,0.9238795042037964,-0.32251429557800293,0.21549731492996216,0.921707808971405,3.008021784891054,1.5123015911740447,5.753179971080899,0.26286359870120934
Sphere,400,-0.4619392156600952,0.3086581528186798,0.8314695954322815,-0.46543678641319275,0.3109961450099945,0.8286435008049011,1.8049655139089225,0.9081909276029815,3.337841757706027,0.27208927011181827
Sphere,401,-0.587937593460083,0.3928473889827728,0.7071067690849304,-0.5904614329338074,0.39453285932540894,0.7040590643882751,2.007937631010545,1.0112726284258677,3.745907970689094,0.2699672913319957
Sphere,402,-0.6913411617279053,0.46193963289260864,0.5555702447891235,-0.6928952932357788,0.4629802703857422,0.5527616739273071,2.0024657752239436,1.009426179158764,3.734644461671871,0.2702870887760167
Sphere,403,-0.7681773900985718,0.5132797360420227,0.3826834559440613,-0.7689153552055359,0.5137702822685242,0.3805381655693054,1.9978780408692007,1.0079043126024954,3.725191664269671,0.2705644174687307
Sphere,404,-0.815492570400238,0.5448950529098511,0.19509032368659973,-0.8156847953796387,0.54502272605896,0.19392913579940796,1.9948239234045937,1.0068840409167428,3.7189000367100804,0.270747810099107
Sphere,405,-0.8314684629440308,0.5555700659751892,0.0,-0.8314679265022278,0.5555728077888489,-1.2045727748599688e-09,1.9937109192463758,1.0064715164126656,3.7166188428190674,0.2708029956736844
Sphere,406,-0.815492570400238,0.5448950529098511,-0.19509032368659973,-0.8156847953796387,0.5450227856636047,-0.19392913579940796,1.9948239776302548,1.0068840409167428,3.7189001536769655,0.27074780158354406
Sphere,407,-0.7681773900985718,0.5132797360420227,-0.3826834559440613,-0.7689153552055359,0.5137702226638794,-0.38053813576698303,1.9978781767709637,1.0079043126024951,3.7251919573606904,0.27056439618123695
Sphere,408,-0.6913411617279053,0.46193963289260864,-0.5555702447891235,-0.6928952932357788,0.4629802703857422,-0.5527616739273071,2.002465965437302,1.0094261791587638,3.734644871779249,0.2702870590953552
Sphere,409,-0.587937593460083,0.3928473889827728,-0.7071067690849304,-0.5904614329338074,0.39453282952308655,-0.7040590643882751,2.007937533684813,1.0112726284258677,3.745907760919555,0.2699673064500707
Sphere,410,-0.4619392156600952,0.3086581528186798,-0.8314695954322815,-0.46543681621551514,0.3109961450099945,-0.8286434412002563,1.8049659596525172,0.9081909276030191,3.3378427283137535,0.2720891909912808
Sphere,411,-0.31818944215774536,0.2126074582338333,-0.9238795042037964,-0.3225160241127014,0.21549782156944275,-0.9217070937156677,2.6680904573541255,1.3413737840276676,5.071698766666705,0.2644821480415458
Sphere,412,-0.16221150755882263,0.10838629305362701,-0.9807852506637573,-0.16709700226783752,0.11165081709623337,-0.9795981645584106,2.0217466199204486,1.0157048022332071,3.7743887947315398,0.2691044451093574
Sphere,413,-0.13794954121112823,0.13794957101345062,0.9807852506637573,-0.14210443198680878,0.1421043574810028,0.9795981645584106,2.02174669736189,1.0156728123998822,3.7743980876542738,0.2690953070695057
Sphere,414,-0.2705978751182556,0.2705979347229004,0.9238795042037964,-0.27427685260772705,0.27427759766578674,0.921707034111023,2.018170723594086,1.0146232996177194,3.7669959778589472,0.26934546932922454
Sphere,415,-0.392846941947937,0.3928472399711609,0.8314695954322815,-0.3958207368850708,0.39582082629203796,0.8286445736885071,2.0134137609231417,1.0130802339075582,3.7571897610926337,0.26963776075365
Sphere,416,-0.4999998211860657,0.49999988079071045,0.7071067690849304,-0.502146303653717,0.5021453499794006,0.7040590047836304,2.007941100007443,1.0112661931797415,3.7459172989006726,0.26996490111421334
Sphere,417,-0.5879372358322144,0.5879375338554382,0.5555702447891235,-0.5892584919929504,0.5892613530158997,0.5527616143226624,2.002461164925297,1.0094165379845381,3.7346373046551564,0.2702850251954372
Sphere,418,-0.6532811522483826,0.6532811522483826,0.3826834559440613,-0.6539093255996704,0.6539062261581421,0.3805381655693054,1.9978772391260442,1.007892882432251,3.7251932438529307,0.2705612343991577
Sphere,419,-0.6935193538665771,0.6935197114944458,0.19509032368659973,-0.6936829686164856,0.6936825513839722,0.19392912089824677,1.9948229190069011,1.0068762819158827,3.7189001203756016,0.27074571763820043
Sphere,420,-0.7071056962013245,0.707106351852417,0.0,-0.7071046233177185,0.7071089744567871,1.2045727748599688e-09,1.993712929469133,1.0064775657748806,3.716621423660717,0.27080443527754894
Sphere,421,-0.6935193538665771,0.6935197114944458,-0.19509032368659973,-0.6936829686164856,0.6936825513839722,-0.19392910599708557,1.9948227713154643,1.006876281915859,3.718899801799558,0.27074574083137093
Sphere,422,-0.6532811522483826,0.6532811522483826,-0.3826834559440613,-0.6539092659950256,0.6539061665534973,-0.3805381655693054,1.9978768936545042,1.0078928824322761,3.725192498796279,0.27056128851272976
Sphere,423,-0.5879372358322144,0.5879375338554382,-0.5555702447891235,-0.5892585515975952,0.5892613530158997,-0.5527616739273071,2.002461225636553,1.0094165379845381,3.7346374355509218,0.2702850157221841
Sphere,424,-0.4999998211860657,0.49999988079071045,-0.7071067690849304,-0.502146303653717,0.5021454095840454,-0.7040590643882751,2.007941530949723,1.0112661931797085,3.7459182277247427,0.2699648341747032
Sphere,425,-0.392846941947937,0.3928472399711609,-0.8314695954322815,-0.3958207070827484,0.39582085609436035,-0.8286445736885071,2.01341393581555,1.0130802339076002,3.757190137920815,0.26963773371028465
Sphere,426,-0.2705978751182556,0.2705979347229004,-0.9238795042037964,-0.27427759766578674,0.27427685260772705,-0.921707034111023,2.018170951579836,1.0146447097456077,3.766990347645379,0.26935155551429246
Sphere,427,-0.13794954121112823,0.13794957101345062,-0.9807852506637573,-0.14210429787635803,0.14210450649261475,-0.9795982837677002,2.021747001864319,1.0156808293647173,3.7743964563139656,0.26909754741467196
Sphere,428,-0.10838624835014343,0.16221152245998383,0.9807852506637573,-0.11165080219507217,0.16709738969802856,0.9795981049537659,3.0133774012712586,1.513858122566671,5.764120071883262,0.2626347306592556
Sphere,429,-0.21260736882686615,0.31818950176239014,0.9238795042037964,-0.21549925208091736,0.3225175142288208,0.9217063188552856,1.5184815366796964,0.763429301353251,2.76039815058092,0.2765649227784728
Sphere,430,-0.30865779519081116,0.46193942427635193,0.8314695954322815,-0.31099259853363037,0.46543511748313904,0.8286457061767578,2.276297722514941,1.1453510884040194,4.285322419506665,0.2672730255232172
Sphere,431,-0.39284729957580566,0.5879376530647278,0.7071067690849304,-0.39453405141830444,0.5904605984687805,0.7040590643882751,2.0079385656220494,1.0112675008156526,3.7459114602601336,0.2699656709839655
Sphere,432,-0.46193927526474,0.6913413405418396,0.5555702447891235,-0.46297696232795715,0.6928974390029907,0.5527616143226624,2.0024650077197688,1.0094223208335542,3.734643920623566,0.27028609481597177
Sphere,433,-0.5132796764373779,0.7681773900985718,0.3826834559440613,-0.5137739181518555,0.7689129114151001,0.38053813576698303,1.9978785065161966,1.0078976349558701,3.725194601457571,0.2705624115748224
Sphere,434,-0.5448945760726929,0.8154928088188171,0.19509032368659973,-0.5450233221054077,0.8156845569610596,0.19392898678779602,1.9948226014125139,1.0068843318555898,3.7188971007455907,0.2707481020794369
Sphere,435,-0.5555692315101624,0.831468939781189,0.0,-0.5555676221847534,0.8314713835716248,4.818291543529085e-09,1.9937124831824404,1.0064787009570044,3.7166201315027116,0.270804834862169
Sphere,436,-0.5448945760726929,0.8154928088188171,-0.19509032368659973,-0.5450233221054077,0.8156844973564148,-0.19392900168895721,1.994822483670132,1.0068843318555898,3.7188968467706003,0.270748120569664
Sphere,437,-0.5132796764373779,0.7681773900985718,-0.3826834559440613,-0.5137739181518555,0.7689129114151001,-0.38053813576698303,1.9978785604345481,1.007897634955845,3.7251947177399147,0.2705624031291818
Sphere,438,-0.46193927526474,0.6913413405418396,-0.5555702447891235,-0.46297696232795715,0.6928974390029907,-0.5527616739273071,2.0024646278470764,1.0094223208335262,3.7346431016035204,0.2702861540906325
Sphere,439,-0.39284729957580566,0.5879376530647278,-0.7071067690849304,-0.39453405141830444,0.5904605984687805,-0.7040590643882751,2.007938674806253,1.0112675008156526,3.7459116955885197,0.26996565402398587
Sphere,440,-0.30865779519081116,0.46193942427635193,-0.8314695954322815,-0.31099432706832886,0.46543604135513306,-0.8286446928977966,2.0134161967439166,1.0130804923965624,3.7571949352638514,0.2696374582239818
Sphere,441,-0.21260736882686615,0.31818950176239014,-0.9238795042037964,-0.21549870073795319,0.322515606880188,-0.921707034111023,2.018170830467263,1.0146718630617326,3.766982323421032,0.2693593375134944
Sphere,442,-0.10838624835014343,0.16221152245998383,-0.9807852506637573,-0.11165057122707367,0.16709718108177185,-0.9795981645584106,2.02174735349031,1.015701991108748,3.774391176472128,0.26910353050849145
Sphere,443,-0.07465773820877075,0.18023976683616638,0.9807852506637573,-0.07690616697072983,0.18566811084747314,0.979598343372345,1.5211647617688073,0.7642337623288591,2.766037634843923,0.2762918886936916
Sphere,444,-0.14644648134708405,0.35355323553085327,0.9238795042037964,-0.148437038064003,0.35835883021354675,0.9217078685760498,3.008027966775795,1.5123091531320947,5.753191549474144,0.26286438407744717
Sphere,445,-0.21260710060596466,0.5132794976234436,0.8314695954322815,-0.21421626210212708,0.5171666741371155,0.8286435604095459,1.8049640316942646,0.9081563566362201,3.3378498066539626,0.27207825673456654
Sphere,446,-0.270597904920578,0.6532813310623169,0.7071067690849304,-0.2717600464820862,0.6560848951339722,0.7040590047836304,2.007942311060076,1.0112717566839144,3.7459183085529535,0.2699663135671979
Sphere,447,-0.31818920373916626,0.7681772708892822,0.5555702447891235,-0.3189032971858978,0.7699060440063477,0.5527616143226624,2.0024609262656727,1.009414855973789,3.7346372756155266,0.27028457691581886
Sphere,448,-0.3535531759262085,0.8535529971122742,0.3826834559440613,-0.35389429330825806,0.8543709516525269,0.38053807616233826,1.9978830589556542,1.0079064894824208,3.7252018563348703,0.2705642615764381
Sphere,449,-0.37532979249954224,0.9061269760131836,0.19509032368659973,-0.37541866302490234,0.9063401818275452,0.19392886757850647,1.9948210147591265,1.0068836697265764,3.718893870295706,0.27074815922254714
Sphere,450,-0.38268256187438965,0.9238786101341248,0.0,-0.3826804757118225,0.9238806962966919,0.0,1.9937094966240918,1.006474002008894,3.7166150526312096,0.270803940616974
Sphere,451,-0.37532979249954224,0.9061269760131836,-0.19509032368659973,-0.3754187226295471,0.9063401222229004,-0.19392886757850647,1.9948214321244797,1.0068836697265526,3.718894770569398,0.270748093679561
Sphere,452,-0.3535531759262085,0.8535529971122742,-0.3826834559440613,-0.35389426350593567,0.8543708324432373,-0.38053810596466064,1.9978834143495907,1.007906489482446,3.7252026227910218,0.27056420590815966
Sphere,453,-0.31818920373916626,0.7681772708892822,-0.5555702447891235,-0.31890326738357544,0.7699060440063477,-0.5527616143226624,2.0024610541994985,1.0094148559738172,3.7346375514456507,0.2702845569533463
Sphere,454,-0.270597904920578,0.6532813310623169,-0.7071067690849304,-0.2717600464820862,0.6560848951339722,-0.7040590643882751,2.007942386267301,1.0112717566839804,3.7459184706496047,0.2699663018849976
Sphere,455,-0.21260710060596466,0.5132794976234436,-0.8314695954322815,-0.2142164409160614,0.5171647071838379,-0.8286446928977966,2.0134130628344193,1.0130601207963401,3.7571940240781005,0.26963210159073814
Sphere,456,-0.14644648134708405,0.35355323553085327,-0.9238795042037964,-0.14843708276748657,0.35835886001586914,-0.921707808971405,2.2068133898290205,1.1094869937034935,4.146024142641917,0.2676026370161244
Sphere,457,-0.07465773820877075,0.18023976683616638,-0.9807852506637573,-0.07690618932247162,0.18566809594631195,-0.979598343372345,1.5211654557697933,0.7642337558429305,2.766039179480111,0.27629173205947555
Sphere,458,-0.038060177117586136,0.19134150445461273,0.9807852506637573,-0.03920653089880943,0.19710476696491241,0.9795982241630554,3.0133723685207094,1.5138627205574178,5.764108690091116,0.26263604695030285
Sphere,459,-0.07465773075819016,0.3753300905227661,0.9238795042037964,-0.07567321509122849,0.3804352879524231,0.9217063188552856,1.8592432007253608,0.9347252452275773,3.4473427046028435,0.271143696847878
Sphere,460,-0.10838603973388672,0.5448945164680481,0.8314695954322815,-0.10920856893062592,0.5490175485610962,0.8286454677581787,2.5601738666913327,1.2881627489531957,4.855021896242757,0.26532583713990876
Sphere,461,-0.13794957101345062,0.6935197710990906,0.7071067690849304,-0.13854336738586426,0.6964969038963318,0.7040581703186035,1.7742319406550302,0.8935673133381593,3.2756751350191577,0.27278874629090266
Sphere,462,-0.1622113287448883,0.815492570400238,0.5555702447891235,-0.16257722675800323,0.8173256516456604,0.5527634024620056,2.461395110434639,1.240749197778547,4.656324879673965,0.26646534119531307
Sphere,463,-0.18023981153964996,0.9061269760131836,0.3826834559440613,-0.18041463196277618,0.9069956541061401,0.38053837418556213,1.7359110562566191,0.8757459884043364,3.1979784988972226,0.2738436136160156
Sphere,464,-0.1913413256406784,0.9619392156600952,0.19509032368659973,-0.19138820469379425,0.9621652960777283,0.1939292550086975,1.9948084025269122,1.0068628933665982,3.7188726906047593,0.2707441144490652
Sphere,465,-0.19508962333202362,0.9807841777801514,0.0,-0.19508974254131317,0.9807854294776917,0.0,1.9936767487731717,1.006449375918184,3.71655155637835,0.2708019411679934
Sphere,466,-0.1913413256406784,0.9619392156600952,-0.19509032368659973,-0.19138820469379425,0.9621652960777283,-0.1939292550086975,1.9948084451630583,1.0068628933666217,3.7188727825725523,0.2707441077535644
Sphere,467,-0.18023981153964996,0.9061269760131836,-0.3826834559440613,-0.18041463196277618,0.9069956541061401,-0.38053837418556213,1.7359109752998316,0.8757459884043364,3.19797832182053,0.27384362877913326
Sphere,468,-0.1622113287448883,0.815492570400238,-0.5555702447891235,-0.16257724165916443,0.8173255920410156,-0.5527634024620056,2.4613950869535777,1.240749197778547,4.656324829861232,0.26646534404592304
Sphere,469,-0.13794957101345062,0.6935197710990906,-0.7071067690849304,-0.13854235410690308,0.6964961886405945,-0.7040590643882751,2.007946001690743,1.0112746057721835,3.7459254434372955,0.2699665599441907
Sphere,470,-0.10838603973388672,0.5448945164680481,-0.8314695954322815,-0.1092064157128334,0.5490190982818604,-0.8286446928977966,2.0134116617186377,1.01308083240304,3.757185066476712,0.26963825696056354
Sphere,471,-0.07465773075819016,0.3753300905227661,-0.9238795042037964,-0.07567321509122849,0.3804352879524231,-0.9217063784599304,1.8592431891681673,0.9347252452275773,3.4473426795152426,0.271143698821092
Sphere,472,-0.038060177117586136,0.19134150445461273,-0.9807852506637573,-0.039206549525260925,0.19710475206375122,-0.9795981049537659,3.013372198085779,1.5138626954808052,5.7641083375065545,0.26263605866500317
Sphere,473,1.4901161193847656e-08,0.19509010016918182,0.9807852506637573,-4.778892730428197e-07,0.2009657919406891,0.9795982837677002,2.021714781631227,1.015660696860895,3.7743328122942996,0.2690967509681548
Sphere,474,6.705522537231445e-08,0.3826832175254822,0.9238795042037964,-1.40860549890931e-06,0.3878861367702484,0.921707272529602,2.0181454549804965,1.0146311794530967,3.7669392958906647,0.2693516140703285
Sphere,475,8.940696716308594e-08,0.7071065902709961,0.7071067690849304,-2.5132117116299924e-06,0.7101414799690247,0.7040590047836304,2.007914475914032,1.0112426356386128,3.7458666924454618,0.26996225938260254
Sphere,476,5.960464477539063e-08,0.9238790273666382,0.3826834559440613,-2.412404455753858e-06,0.9247652888298035,0.38053813576698303,1.9978383028272655,1.0078583515703472,3.7251192680073317,0.27055733764719925
Sphere,477,5.960464477539063e-08,0.9238790273666382,-0.3826834559440613,-2.4172170469682897e-06,0.9247652292251587,-0.3805381953716278,1.9978382827031418,1.0078583515703472,3.7251192246068876,0.270557340799396
Sphere,478,8.940696716308594e-08,0.7071065902709961,-0.7071067690849304,-2.218125246145064e-06,0.710141658782959,-0.7040588855743408,1.7742128909857462,0.8935568797629988,3.275637049169236,0.27278873280225646
Sphere,479,2.1606683731079102e-07,0.5555695295333862,-0.8314695954322815,-2.3170741769718006e-06,0.5597738027572632,-0.8286454081535339,2.5601697146243008,1.2881703886494784,4.855011447517878,0.2653279817307239
Sphere,480,6.705522537231445e-08,0.3826832175254822,-0.9238795042037964,-1.1262271755185793e-06,0.3878866732120514,-0.921707034111023,2.0181558182108517,1.0146479149393373,3.766956833660858,0.269354802760845
Sphere,481,1.4901161193847656e-08,0.19509010016918182,-0.9807852506637573,-4.778892730428197e-07,0.2009657919406891,-0.979598343372345,2.021714659116487,1.015660696881954,3.774332548447912,0.2690967697850619
